c_value	by_break
0.869435	0.067383
0.931508	0.620117
0.864584	0.118164
0.746321	0.000000
0.902761	0.061523
0.744245	0.000000
0.958230	0.676758
0.909092	0.506836
0.797274	0.000000
0.846609	0.000000
0.666724	0.000000
0.947700	0.602539
0.960341	0.668945
0.876089	0.000000
0.679229	0.000000
0.673946	0.000000
0.956320	0.790039
0.955388	0.803711
0.831874	0.139648
0.874120	0.211914
0.917167	0.239258
0.959861	0.846680
0.838804	0.065430
0.914507	0.250977
0.759030	0.000000
0.919084	0.360352
0.880955	0.110352
0.897617	0.186523
0.677742	0.000000
0.859293	0.225586
0.944064	0.821289
0.946183	0.805664
0.650421	0.000000
0.908486	0.424805
0.728073	0.000000
0.964482	0.688477
0.805166	0.000000
0.963399	0.752930
0.911736	0.165039
0.939438	0.709961
0.528259	0.000000
0.814971	0.000000
0.909277	0.416992
0.944744	0.666992
0.916687	0.598633
0.795564	0.000000
0.927117	0.104492
0.939112	0.567383
0.875800	0.196289
0.955979	0.768555
0.827716	0.000000
0.839010	0.000000
0.933549	0.747070
0.949580	0.645508
0.866186	0.000000
0.871071	0.000000
0.865533	0.000000
0.846554	0.073242
0.826282	0.000000
0.898005	0.231445
0.956056	0.856445
0.798189	0.000000
0.832046	0.000000
0.907136	0.379883
0.329388	0.000000
0.961357	0.809570
0.676175	0.000000
0.843190	0.000000
0.866848	0.065430
0.832463	0.000000
0.920813	0.268555
0.944002	0.356445
0.616507	0.000000
0.592322	0.000000
0.901795	0.454102
0.883344	0.315430
0.850330	0.235352
0.918613	0.514648
0.885782	0.149414
0.700329	0.000000
0.911226	0.346680
0.936981	0.247070
0.464229	0.000000
0.818744	0.000000
0.846924	0.000000
0.712744	0.000000
0.941131	0.602539
0.899062	0.059570
0.939518	0.526367
0.867350	0.096680
0.943404	0.788086
0.872631	0.227539
0.818051	0.000000
0.821608	0.000000
0.918070	0.223633
0.748332	0.000000
0.837862	0.000000
0.425524	0.000000
0.676963	0.000000
0.966137	0.799805
0.830239	0.041992
0.835072	0.000000
0.721285	0.000000
0.935502	0.514648
0.047198	0.000000
0.887711	0.000000
0.922365	0.469727
0.951131	0.588867
0.803585	0.000000
0.904310	0.219727
0.677915	0.000000
0.944523	0.596680
0.802005	0.000000
0.989924	0.979492
0.941997	0.702148
0.812175	0.000000
0.930745	0.534180
0.927418	0.450195
0.875965	0.000000
0.911513	0.194336
0.759805	0.000000
0.831640	0.000000
0.899772	0.032227
0.857733	0.000000
0.807900	0.000000
0.502838	0.000000
0.608380	0.000000
0.961884	0.774414
0.958939	0.776367
0.488262	0.000000
0.889641	0.118164
0.908769	0.557617
0.677699	0.000000
0.910083	0.502930
0.755079	0.000000
0.933798	0.668945
0.600483	0.000000
0.905447	0.202148
0.778921	0.000000
0.744390	0.000000
0.831695	0.000000
0.907014	0.055664
0.941331	0.577148
0.763115	0.000000
0.763266	0.000000
0.954532	0.801758
0.863339	0.000000
0.585850	0.000000
0.901332	0.362305
0.952729	0.819336
0.815194	0.000000
0.874217	0.233398
0.932382	0.768555
0.868050	0.000000
0.869367	0.075195
0.906667	0.452148
0.904535	0.221680
0.845904	0.096680
0.901881	0.118164
0.877959	0.198242
0.912039	0.229492
0.951284	0.807617
0.927110	0.551758
0.963594	0.870117
0.408924	0.000000
0.948100	0.825195
0.350983	0.000000
0.857074	0.000000
0.873291	0.092773
0.884029	0.000000
0.810930	0.000000
0.771731	0.000000
0.856178	0.000000
0.715486	0.000000
0.950590	0.670898
0.854940	0.030273
0.798123	0.000000
0.921531	0.391602
0.549820	0.000000
0.953083	0.684570
0.825950	0.000000
0.760874	0.000000
0.942496	0.557617
0.914086	0.612305
0.952449	0.797852
0.955315	0.788086
0.908412	0.504883
0.798121	0.000000
0.850694	0.000000
0.881042	0.280273
0.928456	0.676758
0.589847	0.000000
0.900319	0.000000
0.942451	0.506836
0.863761	0.055664
0.890592	0.153320
0.899919	0.075195
0.896803	0.299805
0.852381	0.102539
0.804597	0.000000
0.889927	0.274414
0.886539	0.104492
0.844411	0.000000
0.684883	0.000000
0.814106	0.000000
0.773529	0.000000
0.873551	0.000000
0.937819	0.520508
0.855499	0.000000
0.843515	0.000000
0.930912	0.545898
0.744979	0.000000
0.842664	0.000000
0.770632	0.000000
0.952588	0.754883
0.895838	0.088867
0.906945	0.258789
0.875252	0.000000
0.763112	0.000000
0.842445	0.063477
0.731953	0.000000
0.933228	0.407227
0.909778	0.239258
0.967485	0.872070
0.820558	0.000000
0.975717	0.936523
0.934095	0.608398
0.812715	0.000000
0.904911	0.379883
0.912382	0.458008
0.819416	0.000000
0.953472	0.762695
0.752132	0.000000
0.815924	0.000000
0.879144	0.274414
0.930360	0.774414
0.852454	0.051758
0.833738	0.096680
0.932608	0.561523
0.932486	0.649414
0.585233	0.000000
0.977884	0.899414
0.798054	0.000000
0.936261	0.547852
0.845913	0.000000
0.753573	0.000000
0.699952	0.000000
0.690780	0.000000
0.651831	0.000000
0.714510	0.000000
0.979607	0.946289
0.907106	0.092773
0.791496	0.000000
0.900783	0.469727
0.876000	0.000000
0.952805	0.741211
0.695142	0.000000
0.886974	0.000000
0.905246	0.284180
0.958368	0.831055
0.688622	0.000000
0.802486	0.000000
0.784882	0.000000
0.921584	0.571289
0.902541	0.213867
0.823392	0.000000
0.699477	0.000000
0.943355	0.588867
0.920083	0.571289
0.953787	0.676758
0.966574	0.875977
0.956156	0.770508
0.752539	0.000000
0.826478	0.000000
0.951753	0.665039
0.812377	0.000000
0.904248	0.184570
0.832266	0.000000
0.905229	0.307617
0.986645	0.975586
0.896632	0.028320
0.860731	0.096680
0.871546	0.133789
0.832682	0.000000
0.944983	0.729492
0.643687	0.000000
0.800603	0.000000
0.885811	0.000000
0.838241	0.000000
0.907003	0.403320
0.917713	0.491211
0.673427	0.000000
0.896479	0.461914
0.810584	0.000000
0.969902	0.840820
0.846022	0.000000
0.665642	0.000000
0.929764	0.454102
0.877674	0.000000
0.809146	0.000000
0.907553	0.219727
0.585540	0.000000
0.676823	0.000000
0.914515	0.340820
0.809012	0.000000
0.719831	0.000000
0.710842	0.000000
0.899189	0.225586
0.804852	0.000000
0.833720	0.000000
0.881067	0.293945
0.785073	0.000000
0.886129	0.202148
0.899408	0.000000
0.874583	0.059570
0.714754	0.000000
0.782192	0.000000
0.800035	0.000000
0.747468	0.000000
0.666931	0.000000
0.784704	0.000000
0.949508	0.821289
0.844302	0.000000
0.777700	0.000000
0.893290	0.323242
0.736852	0.000000
0.790380	0.000000
0.842028	0.000000
0.865602	0.081055
0.879097	0.075195
0.887758	0.000000
0.863542	0.000000
0.972059	0.899414
0.968730	0.916992
0.925547	0.077148
0.928526	0.581055
0.611336	0.000000
0.902033	0.073242
0.935514	0.637695
0.856634	0.155273
0.901787	0.000000
0.877258	0.206055
0.967890	0.881836
0.898152	0.176758
0.790985	0.000000
0.717655	0.000000
0.945629	0.641602
0.579126	0.000000
0.868540	0.000000
0.925954	0.563477
0.840134	0.092773
0.643685	0.000000
0.945109	0.762695
0.738794	0.000000
0.933403	0.666992
0.765101	0.000000
0.435626	0.000000
0.788865	0.000000
0.958699	0.782227
0.962932	0.782227
0.813058	0.000000
0.636845	0.000000
0.959510	0.770508
0.871476	0.000000
0.933438	0.694336
0.918379	0.305664
0.950908	0.760742
0.687483	0.000000
0.808807	0.000000
0.964871	0.790039
0.752976	0.000000
0.858367	0.000000
0.954290	0.813477
0.901464	0.049805
0.859947	0.057617
0.952576	0.735352
0.870168	0.012695
0.665078	0.000000
0.947004	0.625977
0.669688	0.000000
0.927936	0.530273
0.878222	0.000000
0.882063	0.368164
0.775256	0.000000
0.904367	0.000000
0.921613	0.465820
0.912419	0.504883
0.769959	0.000000
0.701239	0.000000
0.713861	0.000000
0.853978	0.000000
0.838013	0.000000
0.676446	0.000000
0.731753	0.000000
0.777338	0.000000
0.694262	0.000000
0.867113	0.000000
0.874261	0.188477
0.929925	0.520508
0.809108	0.000000
0.814405	0.000000
0.865615	0.000000
0.885178	0.088867
0.909870	0.114258
0.891883	0.217773
0.906462	0.385742
0.801302	0.000000
0.939903	0.520508
0.911125	0.436523
0.821415	0.000000
0.940937	0.495117
0.858627	0.000000
0.654471	0.000000
0.529805	0.000000
0.945232	0.622070
0.888898	0.000000
0.806670	0.000000
0.961109	0.852539
0.941152	0.743164
0.649872	0.000000
0.982276	0.954102
0.886619	0.083008
0.890907	0.231445
0.917378	0.342773
0.895949	0.360352
0.635164	0.000000
0.891338	0.063477
0.928994	0.577148
0.902804	0.198242
0.582075	0.000000
0.898918	0.254883
0.449944	0.000000
0.726864	0.000000
0.933803	0.485352
0.952468	0.823242
0.816694	0.000000
0.842264	0.000000
0.696823	0.000000
0.904418	0.120117
0.451073	0.000000
0.853985	0.000000
0.958639	0.870117
0.584586	0.000000
0.931916	0.614258
0.912677	0.317383
0.681920	0.000000
0.941496	0.614258
0.778772	0.000000
0.935569	0.735352
0.944522	0.657227
0.784277	0.000000
0.776387	0.000000
0.658781	0.000000
0.960655	0.708008
0.855903	0.000000
0.933501	0.467773
0.754668	0.000000
0.875736	0.000000
0.957983	0.815430
0.962821	0.829102
0.855435	0.000000
0.825019	0.000000
0.911424	0.430664
0.842391	0.000000
0.729826	0.000000
0.846788	0.000000
0.921901	0.452148
0.795334	0.000000
0.932626	0.606445
0.828544	0.000000
0.820821	0.000000
0.773920	0.000000
0.785881	0.000000
0.929067	0.713867
0.837197	0.000000
0.958724	0.682617
0.824794	0.000000
0.666336	0.000000
0.902063	0.000000
0.947374	0.772461
0.735016	0.000000
0.967409	0.799805
0.937815	0.530273
0.888576	0.200195
0.944726	0.637695
0.981023	0.920898
0.539359	0.000000
0.803618	0.000000
0.898599	0.354492
0.866423	0.165039
0.710919	0.000000
0.926566	0.315430
0.958361	0.840820
0.966263	0.875977
0.771451	0.000000
0.795920	0.000000
0.905262	0.473633
0.874654	0.071289
0.762953	0.000000
0.889267	0.288086
0.956556	0.799805
0.860957	0.000000
0.847364	0.000000
0.945071	0.670898
0.812412	0.000000
0.959953	0.741211
0.866390	0.202148
0.892759	0.249023
0.932009	0.487305
0.955871	0.790039
0.866907	0.000977
0.922479	0.436523
0.714981	0.000000
0.528508	0.000000
0.744237	0.000000
0.769714	0.000000
0.831086	0.000000
0.962706	0.866211
0.951060	0.754883
0.979302	0.924805
0.808249	0.000000
0.879371	0.026367
0.803703	0.000000
0.842878	0.000000
0.666704	0.000000
0.617096	0.000000
0.851718	0.000000
0.931682	0.293945
0.930747	0.124023
0.223372	0.000000
0.898086	0.364258
0.829111	0.000000
0.716637	0.000000
0.628021	0.000000
0.839729	0.000000
0.804470	0.000000
0.820085	0.000000
0.743842	0.000000
0.976561	0.911133
0.945261	0.700195
0.868169	0.012695
0.934574	0.600586
0.887239	0.297852
0.887160	0.338867
0.945779	0.415039
0.851700	0.000000
0.524212	0.000000
0.918204	0.469727
0.711294	0.000000
0.912020	0.254883
0.875111	0.000000
0.950911	0.678711
0.886610	0.215820
0.576187	0.000000
0.960808	0.877930
0.881091	0.325195
0.724293	0.000000
0.940604	0.446289
0.834901	0.000000
0.800983	0.000000
0.562046	0.000000
0.922273	0.547852
0.869765	0.000000
0.809462	0.000000
0.919630	0.616211
0.764853	0.000000
0.839303	0.000000
0.955288	0.737305
0.934079	0.497070
0.951257	0.610352
0.904676	0.375977
0.932097	0.520508
0.854622	0.000000
0.568300	0.000000
0.904344	0.252930
0.728602	0.000000
0.901624	0.000000
0.971547	0.907227
0.881494	0.000000
0.900962	0.500977
0.926003	0.374023
0.848764	0.000000
0.839740	0.000000
0.950588	0.760742
0.789229	0.000000
0.925625	0.477539
0.760758	0.000000
0.840295	0.000000
0.742594	0.000000
0.881494	0.264648
0.937931	0.530273
0.968223	0.790039
0.848571	0.000000
0.863682	0.000000
0.794855	0.000000
0.882224	0.446289
0.778074	0.000000
0.350823	0.000000
0.964546	0.881836
0.837020	0.000000
0.883402	0.049805
0.738319	0.000000
0.848494	0.129883
0.781977	0.000000
0.911755	0.243164
0.843410	0.000000
0.837988	0.000000
0.917147	0.198242
0.834650	0.000000
0.956913	0.829102
0.688415	0.000000
0.706522	0.000000
0.865864	0.000000
0.298549	0.000000
0.603173	0.000000
0.672853	0.000000
0.863093	0.010742
0.800088	0.000000
0.934763	0.625977
0.884453	0.141602
0.893899	0.000000
0.868616	0.309570
0.779132	0.000000
0.947489	0.672852
0.926869	0.370117
0.969649	0.801758
0.851457	0.000000
0.948870	0.610352
0.568381	0.000000
0.925282	0.657227
0.912339	0.526367
0.771472	0.000000
0.961404	0.768555
0.835645	0.000000
0.777524	0.000000
0.869464	0.139648
0.916536	0.237305
0.950139	0.670898
0.544830	0.000000
0.875213	0.221680
0.956312	0.643555
0.898496	0.282227
0.844220	0.000000
0.958849	0.782227
0.732205	0.000000
0.969976	0.844727
0.849861	0.010742
0.970275	0.768555
0.935473	0.674805
0.871063	0.000000
0.850925	0.000000
0.959504	0.813477
0.435018	0.000000
0.889829	0.075195
0.826466	0.000000
0.944511	0.749023
0.795623	0.000000
0.967207	0.874023
0.714075	0.000000
0.973230	0.916992
0.285609	0.000000
0.753177	0.000000
0.818063	0.000000
0.740639	0.000000
0.860127	0.000000
0.945408	0.708008
0.744797	0.000000
0.968783	0.868164
0.943101	0.700195
0.715761	0.000000
0.943757	0.458008
0.737726	0.000000
0.626764	0.000000
0.774403	0.000000
0.806500	0.000000
0.907624	0.352539
0.872778	0.065430
0.874958	0.041992
0.948440	0.709961
0.758653	0.000000
0.948529	0.686523
0.881847	0.000000
0.703615	0.000000
0.734134	0.000000
0.944146	0.641602
0.572140	0.000000
0.894757	0.147461
0.837910	0.000000
0.624136	0.000000
0.694348	0.000000
0.874147	0.034180
0.949950	0.743164
0.929647	0.610352
0.662300	0.000000
0.912173	0.192383
0.958801	0.881836
0.959999	0.653320
0.826202	0.000000
0.835525	0.000000
0.787867	0.000000
0.844958	0.000000
0.865500	0.000000
0.831527	0.000000
0.873519	0.067383
0.885057	0.192383
0.924094	0.545898
0.852497	0.000000
0.718598	0.000000
0.784589	0.000000
0.917061	0.141602
0.604489	0.000000
0.936657	0.665039
0.871255	0.000000
0.596340	0.000000
0.861441	0.000000
0.854523	0.000000
0.927348	0.624023
0.918346	0.524414
0.897413	0.000000
0.935191	0.575195
0.924030	0.465820
0.866532	0.000000
0.885383	0.163086
0.963823	0.860352
0.749409	0.000000
0.928168	0.434570
0.944783	0.713867
0.795786	0.000000
0.678479	0.000000
0.817078	0.000000
0.855995	0.000000
0.964895	0.891602
0.677077	0.000000
0.852030	0.065430
0.867905	0.026367
0.841705	0.000000
0.916010	0.540039
0.729715	0.000000
0.901146	0.000000
0.955223	0.827148
0.942184	0.637695
0.918546	0.309570
0.663715	0.000000
0.976970	0.940430
0.805882	0.000000
0.934331	0.448242
0.693671	0.000000
0.098927	0.000000
0.903400	0.286133
0.630864	0.000000
0.779170	0.000000
0.816243	0.000000
0.907816	0.250977
0.925467	0.571289
0.752664	0.000000
0.882110	0.000000
0.852265	0.000000
0.877983	0.000000
0.840047	0.000000
0.914698	0.297852
0.725310	0.000000
0.621940	0.000000
0.924259	0.569336
0.428022	0.000000
0.941481	0.661133
0.834120	0.051758
0.798111	0.000000
0.666324	0.000000
0.901608	0.008789
0.889914	0.000000
0.910924	0.370117
0.772993	0.000000
0.847166	0.026367
0.922710	0.426758
0.926344	0.668945
0.887097	0.000000
0.952346	0.743164
0.838739	0.000000
0.857631	0.000000
0.864980	0.000000
0.812794	0.000000
0.873995	0.143555
0.852590	0.022461
0.845246	0.040039
0.826311	0.000000
0.956706	0.772461
0.912898	0.196289
0.903670	0.166992
0.916422	0.512695
0.452245	0.000000
0.877491	0.000000
0.929086	0.762695
0.909147	0.584961
0.929312	0.583008
0.875725	0.000000
0.967278	0.868164
0.826021	0.000000
0.814487	0.000000
0.389001	0.000000
0.813921	0.022461
0.965056	0.770508
0.866033	0.000000
0.664788	0.000000
0.692106	0.000000
0.931513	0.598633
0.659606	0.000000
0.760693	0.000000
0.939417	0.663086
0.927857	0.336914
0.829464	0.000000
0.945976	0.627930
0.846894	0.000000
0.949158	0.747070
0.811217	0.000000
0.944986	0.834961
0.982732	0.936523
0.963181	0.864258
0.894767	0.262695
0.941654	0.643555
0.577450	0.000000
0.897791	0.397461
0.400477	0.000000
0.897037	0.000000
0.885416	0.000000
0.798863	0.000000
0.810546	0.000000
0.698247	0.000000
0.915681	0.334961
0.789711	0.000000
0.887952	0.034180
0.846643	0.000000
0.922072	0.440430
0.397838	0.000000
0.873209	0.159180
0.730035	0.000000
0.226598	0.000000
0.824321	0.000000
0.862980	0.000000
0.937968	0.629883
0.927256	0.555664
0.704174	0.000000
0.935594	0.762695
0.868892	0.124023
0.633718	0.000000
0.813631	0.000000
0.739748	0.000000
0.865082	0.010742
0.557951	0.000000
0.941916	0.700195
0.887855	0.407227
0.919894	0.389648
0.728027	0.000000
0.840349	0.000000
0.797893	0.000000
0.681214	0.000000
0.847540	0.000000
0.745937	0.000000
0.934337	0.575195
0.764430	0.000000
0.832295	0.000000
0.966130	0.791992
0.880126	0.000000
0.866721	0.000000
0.716480	0.000000
0.754734	0.000000
0.960035	0.811523
0.907820	0.122070
0.490752	0.000000
0.800524	0.000000
0.849183	0.000000
0.956619	0.868164
0.953432	0.618164
0.915500	0.532227
0.940976	0.793945
0.916159	0.442383
0.810916	0.000000
0.692641	0.000000
0.902517	0.311523
0.664099	0.000000
0.846948	0.000000
0.909319	0.206055
0.885811	0.125977
0.558874	0.000000
0.769629	0.000000
0.654130	0.000000
0.779568	0.000000
0.917377	0.461914
0.786997	0.000000
0.898376	0.200195
0.927580	0.584961
0.775039	0.000000
0.792137	0.000000
0.643806	0.000000
0.902777	0.352539
0.950850	0.674805
0.920025	0.553711
0.762970	0.000000
0.756807	0.000000
0.920630	0.305664
0.853256	0.147461
0.857814	0.000000
0.767381	0.000000
0.900133	0.268555
0.953301	0.747070
0.799781	0.000000
0.823309	0.000000
0.774014	0.000000
0.831065	0.000000
0.391584	0.000000
0.849602	0.000000
0.895075	0.506836
0.874639	0.237305
0.792272	0.000000
0.664550	0.000000
0.666901	0.000000
0.907620	0.194336
0.927200	0.534180
0.772611	0.000000
0.869490	0.000000
0.945165	0.506836
0.757153	0.000000
0.818616	0.000000
0.480732	0.000000
0.918307	0.459961
0.875166	0.000000
0.766424	0.000000
0.910651	0.434570
0.898907	0.000000
0.566252	0.000000
0.898174	0.383789
0.916134	0.467773
0.903327	0.493164
0.784946	0.000000
0.913418	0.319336
0.848916	0.000000
0.932714	0.467773
0.703005	0.000000
0.725054	0.000000
0.790924	0.000000
0.931781	0.620117
0.930625	0.475586
0.881205	0.145508
0.892928	0.202148
0.951184	0.788086
0.882124	0.000000
0.686904	0.000000
0.117698	0.000000
0.956675	0.721680
0.919823	0.254883
0.487840	0.000000
0.777136	0.000000
0.919439	0.356445
0.792885	0.000000
0.934839	0.694336
0.832010	0.000000
0.858112	0.000977
0.955377	0.833008
0.908442	0.454102
0.916977	0.461914
0.956015	0.784180
0.936878	0.497070
0.837787	0.000000
0.853797	0.024414
0.965122	0.715820
0.886405	0.165039
0.916457	0.102539
0.946259	0.682617
0.908002	0.231445
0.798845	0.000000
0.835442	0.000000
0.773522	0.000000
0.916255	0.182617
0.839511	0.000000
0.895817	0.118164
0.940746	0.686523
0.831712	0.000000
0.870274	0.000000
0.965568	0.811523
0.578310	0.000000
0.855295	0.184570
0.817214	0.000000
0.823954	0.000000
0.809387	0.000000
0.854486	0.000000
0.877333	0.250977
0.869084	0.000000
0.943490	0.702148
0.927552	0.454102
0.831689	0.000000
0.820341	0.000000
0.950664	0.737305
0.928061	0.477539
0.816665	0.000000
0.899466	0.331055
0.542400	0.000000
0.799156	0.000000
0.599160	0.000000
0.807237	0.000000
0.879229	0.008789
0.878519	0.000000
0.471468	0.000000
0.868948	0.000000
0.885002	0.040039
0.874747	0.000000
0.805497	0.000000
0.937469	0.627930
0.721966	0.000000
0.942436	0.508789
0.907028	0.000000
0.883390	0.350586
0.866604	0.000000
0.884424	0.329102
0.982108	0.948242
0.927798	0.477539
0.667550	0.000000
0.619074	0.000000
0.925839	0.385742
0.885093	0.000000
0.930497	0.674805
0.957121	0.540039
0.673433	0.000000
0.821758	0.000000
0.903539	0.000000
0.898680	0.295898
0.701006	0.000000
0.454135	0.000000
0.961229	0.844727
0.926155	0.485352
0.837709	0.000000
0.831791	0.000000
0.833893	0.000000
0.791764	0.000000
0.926004	0.541992
0.824488	0.000000
0.872178	0.241211
0.927826	0.676758
0.966208	0.860352
0.879321	0.161133
0.941716	0.381836
0.738919	0.000000
0.951760	0.776367
0.902095	0.338867
0.741411	0.000000
0.869440	0.000000
0.917982	0.147461
0.971666	0.913086
0.765145	0.000000
0.915908	0.616211
0.822431	0.000000
0.910455	0.442383
0.838721	0.000000
0.830859	0.000000
0.903060	0.319336
0.922848	0.512695
0.854434	0.000000
0.957965	0.809570
0.740935	0.000000
0.936724	0.627930
0.929438	0.331055
0.822468	0.000000
0.924288	0.590820
0.965854	0.897461
0.889369	0.428711
0.895745	0.020508
0.792866	0.000000
0.727420	0.000000
0.927575	0.325195
0.739761	0.000000
0.955329	0.690430
0.965840	0.782227
0.603302	0.000000
0.853412	0.000000
0.625716	0.000000
0.679616	0.000000
0.933752	0.713867
0.931924	0.325195
0.690453	0.000000
0.871973	0.000000
0.773946	0.000000
0.808082	0.000000
0.813057	0.000000
0.921675	0.506836
0.879616	0.000000
0.873013	0.000000
0.840247	0.000000
0.645679	0.000000
0.851560	0.000000
0.964114	0.813477
0.961237	0.733398
0.939258	0.506836
0.903224	0.374023
0.836132	0.000000
0.742990	0.000000
0.937209	0.647461
0.661130	0.000000
0.664700	0.000000
0.781578	0.000000
0.568171	0.000000
0.950326	0.790039
0.897992	0.354492
0.634470	0.000000
0.954623	0.661133
0.958962	0.836914
0.874938	0.000000
0.888232	0.356445
0.791633	0.000000
0.742363	0.000000
0.926118	0.635742
0.929663	0.209961
0.926760	0.448242
0.961220	0.772461
0.835680	0.000000
0.626544	0.000000
0.792278	0.000000
0.891693	0.188477
0.784467	0.000000
0.875672	0.000000
0.634712	0.000000
0.754897	0.000000
0.847819	0.000000
0.902665	0.407227
0.644127	0.000000
0.967885	0.833008
0.828907	0.000000
0.954916	0.788086
0.744444	0.000000
0.773084	0.000000
0.909380	0.389648
0.582734	0.000000
0.932151	0.598633
0.896109	0.426758
0.946846	0.756836
0.873826	0.000000
0.976759	0.907227
0.928096	0.625977
0.858397	0.067383
0.796173	0.000000
0.728559	0.000000
0.913806	0.543945
0.896523	0.448242
0.918814	0.290039
0.897458	0.055664
0.838027	0.000000
0.959046	0.842773
0.960272	0.711914
0.832066	0.000000
0.801615	0.000000
0.697408	0.000000
0.702146	0.000000
0.964173	0.834961
0.632028	0.000000
0.901414	0.313477
0.676386	0.000000
0.766055	0.000000
0.856297	0.000000
0.929619	0.352539
0.828507	0.000000
0.907897	0.360352
0.893115	0.034180
0.932977	0.467773
0.736767	0.000000
0.793520	0.000000
0.900301	0.227539
0.885896	0.247070
0.938272	0.567383
0.938394	0.704102
0.828535	0.000000
0.485137	0.000000
0.682189	0.000000
0.878906	0.000000
0.940641	0.663086
0.897579	0.461914
0.968637	0.874023
0.979372	0.924805
0.913984	0.436523
0.946894	0.497070
0.835983	0.000000
0.966801	0.885742
0.870310	0.000000
0.968303	0.850586
0.949609	0.670898
0.863065	0.000000
0.934450	0.610352
0.746324	0.000000
0.906754	0.407227
0.928081	0.454102
0.796039	0.000000
0.396008	0.000000
0.832537	0.000000
0.943382	0.692383
0.899692	0.000000
0.939412	0.454102
0.835215	0.000000
0.840913	0.000000
0.937719	0.651367
0.834760	0.000000
0.897220	0.291992
0.895760	0.043945
0.825613	0.000000
0.750371	0.000000
0.907637	0.395508
0.890336	0.209961
0.762930	0.000000
0.903934	0.286133
0.884903	0.221680
0.918519	0.495117
0.883467	0.166992
0.734009	0.000000
0.901380	0.508789
0.650633	0.000000
0.841048	0.000000
0.656238	0.000000
0.860850	0.000000
0.838293	0.293945
0.900962	0.000000
0.726557	0.000000
0.807739	0.000000
0.916982	0.514648
0.790741	0.000000
0.881024	0.260742
0.831898	0.000000
0.832101	0.000000
0.909867	0.409180
0.803124	0.000000
0.320507	0.000000
0.961735	0.842773
0.746134	0.000000
0.867583	0.000000
0.972942	0.926758
0.539113	0.000000
0.726552	0.000000
0.760699	0.000000
0.949900	0.756836
0.973148	0.905273
0.859458	0.000000
0.941002	0.282227
0.955382	0.723633
0.513881	0.000000
0.710828	0.000000
0.907351	0.147461
0.864828	0.084961
0.863422	0.000000
0.914775	0.346680
0.825644	0.000000
0.891850	0.127930
0.936509	0.577148
0.762330	0.000000
0.934611	0.625977
0.924856	0.670898
0.879453	0.223633
0.535969	0.000000
0.912787	0.450195
0.949071	0.356445
0.903982	0.540039
0.877271	0.000000
0.795356	0.000000
0.976005	0.866211
0.937969	0.739258
0.932415	0.401367
0.810031	0.000000
0.800507	0.000000
0.655375	0.000000
0.917632	0.375977
0.950455	0.782227
0.934076	0.569336
0.889151	0.139648
0.734136	0.000000
0.894659	0.346680
0.686976	0.000000
0.834849	0.000000
0.935174	0.641602
0.829338	0.000000
0.808046	0.000000
0.901984	0.489258
0.891806	0.000000
0.736994	0.000000
0.881601	0.254883
0.568760	0.000000
0.383637	0.000000
0.699533	0.000000
0.936766	0.635742
0.596114	0.000000
0.680002	0.000000
0.871232	0.067383
0.825883	0.000000
0.847003	0.000000
0.802975	0.000000
0.775606	0.000000
0.836106	0.206055
0.718759	0.000000
0.364251	0.000000
0.903131	0.329102
0.956519	0.606445
0.858308	0.051758
0.918317	0.346680
0.796068	0.000000
0.826556	0.000000
0.810601	0.000000
0.868166	0.000000
0.919423	0.428711
0.831831	0.000000
0.867522	0.000000
0.916301	0.561523
0.704035	0.000000
0.807543	0.000000
0.778351	0.000000
0.816536	0.000000
0.907435	0.508789
0.936408	0.424805
0.931916	0.614258
0.890848	0.368164
0.592067	0.000000
0.911374	0.561523
0.781362	0.000000
0.670618	0.000000
0.971041	0.915039
0.926055	0.543945
0.747529	0.000000
0.978998	0.909180
0.977750	0.920898
0.043767	0.000000
0.912652	0.252930
0.884943	0.321289
0.939843	0.688477
0.799925	0.000000
0.682236	0.000000
0.877615	0.274414
0.862908	0.157227
0.673742	0.000000
0.929195	0.475586
0.901172	0.053711
0.851024	0.000000
0.955687	0.784180
0.873253	0.067383
0.834432	0.000000
0.689803	0.000000
0.814449	0.000000
0.922892	0.614258
0.648577	0.000000
0.951075	0.764648
0.689145	0.000000
0.921617	0.569336
0.655648	0.000000
0.826226	0.000000
0.780449	0.000000
0.846954	0.000000
0.899248	0.370117
0.914450	0.551758
0.886854	0.094727
0.759464	0.000000
0.881536	0.000000
0.868422	0.165039
0.848101	0.041992
0.772301	0.000000
0.902062	0.034180
0.901574	0.000000
0.826047	0.000000
0.748516	0.000000
0.942814	0.627930
0.917447	0.514648
0.892712	0.000000
0.812270	0.000000
0.696625	0.000000
0.637289	0.000000
0.813277	0.000000
0.829440	0.000000
0.772217	0.000000
0.857200	0.000000
0.900077	0.000000
0.817822	0.000000
0.903720	0.270508
0.776492	0.000000
0.927725	0.282227
0.946669	0.528320
0.814459	0.000000
0.840940	0.000000
0.943614	0.645508
0.611902	0.000000
0.786244	0.000000
0.541581	0.000000
0.859403	0.000000
0.963267	0.706055
0.858149	0.084961
0.925735	0.473633
0.905330	0.362305
0.888231	0.176758
0.831837	0.000000
0.517429	0.000000
0.951690	0.666992
0.976569	0.899414
0.947050	0.696289
0.737634	0.000000
0.915165	0.538086
0.792395	0.000000
0.977132	0.877930
0.744611	0.000000
0.963044	0.817383
0.751941	0.000000
0.873938	0.305664
0.844740	0.000000
0.931272	0.541992
0.759392	0.000000
0.941235	0.536133
0.922649	0.428711
0.753825	0.000000
0.797136	0.000000
0.626386	0.000000
0.914625	0.346680
0.855312	0.000000
0.901386	0.174805
0.887836	0.018555
0.846577	0.000000
0.926626	0.641602
0.822564	0.000000
0.531926	0.000000
0.436277	0.000000
0.666182	0.000000
0.782184	0.000000
0.875240	0.331055
0.869141	0.092773
0.915181	0.118164
0.914738	0.485352
0.648444	0.000000
0.811505	0.000000
0.814730	0.000000
0.873274	0.256836
0.858170	0.000000
0.901167	0.368164
0.887630	0.377930
0.886277	0.051758
0.955043	0.577148
0.900722	0.129883
0.854084	0.000000
0.858000	0.237305
0.860737	0.194336
0.976904	0.926758
0.938586	0.583008
0.959663	0.725586
0.943190	0.622070
0.667210	0.000000
0.712233	0.000000
0.967748	0.829102
0.815459	0.000000
0.917899	0.428711
0.752517	0.000000
0.846825	0.000000
0.862156	0.000000
0.911893	0.254883
0.933098	0.633789
0.565538	0.000000
0.957457	0.790039
0.783793	0.000000
0.766246	0.000000
0.610457	0.000000
0.938147	0.499023
0.807234	0.000000
0.921196	0.631836
0.879651	0.395508
0.863390	0.155273
0.833659	0.000000
0.776556	0.000000
0.515656	0.000000
0.915836	0.387695
0.920664	0.247070
0.825348	0.000000
0.651385	0.000000
0.853931	0.000000
0.799449	0.000000
0.775790	0.000000
0.926833	0.399414
0.970293	0.881836
0.882117	0.000000
0.773357	0.000000
0.952815	0.784180
0.908592	0.317383
0.888456	0.291992
0.913887	0.235352
0.923908	0.301758
0.882268	0.356445
0.588430	0.000000
0.761664	0.000000
0.876970	0.106445
0.718764	0.000000
0.941916	0.665039
0.912707	0.239258
0.870817	0.010742
0.639659	0.000000
0.955684	0.631836
0.678382	0.000000
0.865495	0.122070
0.939841	0.479492
0.929813	0.588867
0.889444	0.413086
0.946274	0.676758
0.860995	0.163086
0.932290	0.196289
0.909882	0.313477
0.752197	0.000000
0.880577	0.000000
0.884261	0.147461
0.910272	0.489258
0.740623	0.000000
0.930485	0.520508
0.906247	0.303711
0.779224	0.000000
0.854159	0.000000
0.942525	0.561523
0.719300	0.000000
0.975361	0.870117
0.846039	0.000000
0.937718	0.604492
0.946479	0.780273
0.907003	0.178711
0.727460	0.000000
0.942053	0.479492
0.829392	0.000000
0.809968	0.000000
0.758340	0.000000
0.917197	0.567383
0.808566	0.000000
0.793314	0.000000
0.855387	0.104492
0.875914	0.000000
0.795483	0.000000
0.956418	0.668945
0.909817	0.436523
0.603780	0.000000
0.922854	0.635742
0.920562	0.108398
0.786986	0.000000
0.942073	0.750977
0.635391	0.000000
0.933913	0.581055
0.975320	0.909180
0.868043	0.000000
0.949809	0.598633
0.590647	0.000000
0.833136	0.000000
0.870961	0.059570
0.873995	0.385742
0.860464	0.024414
0.685504	0.000000
0.894929	0.006836
0.974317	0.903320
0.955350	0.799805
0.975434	0.860352
0.728534	0.000000
0.907004	0.313477
0.975298	0.926758
0.825997	0.000000
0.770467	0.000000
0.941858	0.528320
0.939674	0.706055
0.899438	0.180664
0.513072	0.000000
0.771027	0.000000
0.898812	0.438477
0.900166	0.000000
0.794704	0.000000
0.864285	0.000977
0.954814	0.561523
0.977165	0.915039
0.815316	0.000000
0.916364	0.446289
0.863055	0.000000
0.866829	0.000000
0.732735	0.000000
0.789710	0.000000
0.740225	0.000000
0.803127	0.000000
0.805601	0.000000
0.963510	0.866211
0.912085	0.465820
0.841426	0.000000
0.958536	0.756836
0.923844	0.465820
0.545798	0.000000
0.904123	0.229492
0.858542	0.051758
0.480112	0.000000
0.889834	0.270508
0.950415	0.696289
0.735338	0.000000
0.919411	0.334961
0.968800	0.868164
0.925948	0.645508
0.753146	0.000000
0.636580	0.000000
0.909329	0.288086
0.918051	0.399414
0.787197	0.000000
0.796086	0.000000
0.767144	0.000000
0.895472	0.430664
0.951434	0.784180
0.912488	0.549805
0.723856	0.000000
0.952250	0.586914
0.947973	0.766602
0.895424	0.069336
0.728263	0.000000
0.834108	0.000000
0.897277	0.215820
0.901244	0.295898
0.826283	0.000000
0.825824	0.000000
0.701421	0.000000
0.860819	0.000000
0.959736	0.555664
0.904114	0.100586
0.949096	0.549805
0.816785	0.000000
0.892092	0.241211
0.894842	0.608398
0.823923	0.000000
0.747000	0.000000
0.920076	0.317383
0.915723	0.518555
0.838042	0.000000
0.760826	0.000000
0.662370	0.000000
0.596505	0.000000
0.791445	0.000000
0.864083	0.000000
0.620631	0.000000
0.767684	0.000000
0.647491	0.000000
0.911437	0.301758
0.854035	0.000000
0.911644	0.567383
0.830140	0.000000
0.831571	0.008789
0.900524	0.147461
0.466948	0.000000
0.881241	0.252930
0.758710	0.000000
0.941538	0.631836
0.926178	0.405273
0.867272	0.266602
0.799550	0.000000
0.466072	0.000000
0.824720	0.000000
0.809161	0.000000
0.738605	0.000000
0.850267	0.204102
0.903039	0.432617
0.910650	0.252930
0.876364	0.000000
0.791308	0.000000
0.856182	0.086914
0.938547	0.454102
0.928536	0.577148
0.803739	0.000000
0.782830	0.000000
0.355284	0.000000
0.853280	0.000000
0.867830	0.000000
0.974653	0.905273
0.651462	0.000000
0.671147	0.000000
0.843911	0.000000
0.830774	0.000000
0.927059	0.602539
0.825531	0.000000
0.911119	0.272461
0.918484	0.327148
0.811097	0.000000
0.261783	0.000000
0.860019	0.000000
0.424519	0.000000
0.905670	0.252930
0.941039	0.770508
0.731403	0.000000
0.819721	0.000000
0.872145	0.030273
0.829123	0.000000
0.783999	0.000000
0.841531	0.000000
0.894082	0.000000
0.870891	0.000000
0.798227	0.000000
0.867409	0.000000
0.894202	0.129883
0.793866	0.000000
0.853500	0.000000
0.838944	0.000000
0.802764	0.000000
0.862660	0.133789
0.574602	0.000000
0.959659	0.729492
0.865132	0.252930
0.785425	0.000000
0.882420	0.000000
0.928764	0.547852
0.927238	0.487305
0.952239	0.766602
0.837331	0.049805
0.811937	0.000000
0.934470	0.489258
0.808375	0.000000
0.927609	0.399414
0.884623	0.147461
0.877827	0.295898
0.776415	0.000000
0.844528	0.000000
0.700981	0.000000
0.888526	0.305664
0.944735	0.395508
0.830238	0.000000
0.887402	0.299805
0.736083	0.000000
0.767355	0.000000
0.747543	0.000000
0.971452	0.875977
0.945431	0.778320
0.866791	0.071289
0.837559	0.000000
0.856735	0.000000
0.866968	0.188477
0.884622	0.129883
0.740231	0.000000
0.884301	0.030273
0.856417	0.000000
0.754889	0.000000
0.886478	0.000000
0.449913	0.000000
0.885978	0.159180
0.863800	0.153320
0.903425	0.456055
0.925930	0.403320
0.792766	0.000000
0.962261	0.750977
0.943305	0.670898
0.942507	0.719727
0.974717	0.874023
0.857588	0.217773
0.819068	0.000000
0.595048	0.000000
0.739817	0.000000
0.966083	0.903320
0.588609	0.000000
0.655131	0.000000
0.864815	0.000000
0.819737	0.000000
0.745010	0.000000
0.797230	0.000000
0.813950	0.000000
0.936240	0.692383
0.963030	0.813477
0.946558	0.721680
0.932074	0.450195
0.936185	0.522461
0.960054	0.870117
0.886661	0.030273
0.794657	0.000000
0.915830	0.559570
0.922633	0.561523
0.823989	0.000000
0.772511	0.000000
0.691903	0.000000
0.706089	0.000000
0.874323	0.000000
0.914135	0.291992
0.909653	0.473633
0.892372	0.020508
0.683182	0.000000
0.754536	0.000000
0.912476	0.299805
0.713715	0.000000
0.874593	0.028320
0.861133	0.122070
0.912218	0.432617
0.903152	0.250977
0.841144	0.000000
0.962538	0.758789
0.803324	0.000000
0.810375	0.000000
0.927003	0.600586
0.927400	0.565430
0.931133	0.657227
0.757184	0.000000
0.892885	0.237305
0.682680	0.000000
0.801455	0.000000
0.897610	0.319336
0.844756	0.000000
0.935800	0.668945
0.919613	0.346680
0.893196	0.385742
0.749757	0.000000
0.877949	0.000000
0.827938	0.000000
0.916532	0.500977
0.773443	0.000000
0.834229	0.000000
0.950354	0.665039
0.848813	0.000000
0.858664	0.225586
0.451801	0.000000
0.827469	0.000000
0.877525	0.176758
0.777146	0.000000
0.594642	0.000000
0.945263	0.680664
0.931209	0.291992
0.525092	0.000000
0.818961	0.000000
0.903267	0.204102
0.931508	0.672852
0.378318	0.000000
0.905476	0.284180
0.872707	0.118164
0.693184	0.000000
0.973186	0.868164
0.947864	0.745117
0.884063	0.045898
0.587284	0.000000
0.796040	0.000000
0.775315	0.000000
0.973061	0.891602
0.662577	0.000000
0.888962	0.077148
0.865165	0.155273
0.845017	0.000000
0.477620	0.000000
0.722761	0.000000
0.952389	0.758789
0.775579	0.000000
0.517782	0.000000
0.575367	0.000000
0.826345	0.000000
0.944885	0.649414
0.857224	0.014648
0.812281	0.000000
0.931168	0.454102
0.416857	0.000000
0.928555	0.583008
0.810663	0.000000
0.846957	0.000000
0.928371	0.377930
0.349926	0.000000
0.846045	0.077148
0.407629	0.000000
0.816913	0.000000
0.843173	0.000000
0.986963	0.969727
0.810347	0.000000
0.867831	0.215820
0.962619	0.690430
0.863885	0.000000
0.595410	0.000000
0.871285	0.000000
0.831885	0.000000
0.905369	0.319336
0.780334	0.000000
0.951549	0.801758
0.708586	0.000000
0.820235	0.000000
0.817181	0.000000
0.917047	0.600586
0.947567	0.499023
0.890285	0.231445
0.842840	0.000000
0.317273	0.000000
0.865319	0.211914
0.843078	0.000000
0.763255	0.000000
0.924747	0.508789
0.735729	0.000000
0.710244	0.000000
0.867245	0.209961
0.713246	0.000000
0.924754	0.364258
0.781292	0.000000
0.943887	0.731445
0.859385	0.028320
0.682359	0.000000
0.784287	0.000000
0.488533	0.000000
0.937645	0.590820
0.842382	0.000000
0.782129	0.000000
0.754913	0.000000
0.661384	0.000000
0.594484	0.000000
0.894579	0.086914
0.929820	0.559570
0.809818	0.000000
0.942903	0.639648
0.966115	0.864258
0.898547	0.366211
0.752462	0.000000
0.867396	0.000000
0.751806	0.000000
0.448482	0.000000
0.883508	0.274414
0.665052	0.000000
0.743064	0.000000
0.907753	0.290039
0.977826	0.911133
0.866564	0.221680
0.690183	0.000000
0.830270	0.000000
0.958271	0.821289
0.888106	0.010742
0.669517	0.000000
0.849319	0.000000
0.400215	0.000000
0.880484	0.000000
0.886997	0.163086
0.941805	0.604492
0.934139	0.622070
0.765010	0.000000
0.710738	0.000000
0.885840	0.221680
0.820940	0.000000
0.849993	0.000000
0.866674	0.182617
0.908578	0.217773
0.951923	0.747070
0.903974	0.270508
0.930819	0.327148
0.753862	0.000000
0.837509	0.026367
0.947077	0.569336
0.965615	0.823242
0.927336	0.524414
0.840541	0.000000
0.767865	0.000000
0.959068	0.811523
0.893346	0.239258
0.754692	0.000000
0.908209	0.323242
0.824916	0.000000
0.911246	0.071289
0.841380	0.077148
0.652498	0.000000
0.893563	0.000000
0.596140	0.000000
0.621880	0.000000
0.412580	0.000000
0.853340	0.000000
0.676739	0.000000
0.945719	0.741211
0.885256	0.319336
0.930414	0.508789
0.857127	0.000000
0.926777	0.497070
0.912533	0.270508
0.650058	0.000000
0.919689	0.481445
0.732327	0.000000
0.895822	0.288086
0.814604	0.000000
0.738634	0.000000
0.971784	0.905273
0.807376	0.000000
0.889399	0.291992
0.953221	0.694336
0.917817	0.430664
0.887387	0.006836
0.870913	0.000000
0.954545	0.510742
0.954972	0.840820
0.879705	0.000000
0.870803	0.004883
0.934626	0.620117
0.929223	0.416992
0.754471	0.000000
0.908824	0.325195
0.798357	0.000000
0.909456	0.456055
0.852243	0.000000
0.929740	0.446289
0.515291	0.000000
0.709099	0.000000
0.947326	0.817383
0.865348	0.000000
0.815893	0.000000
0.809931	0.000000
0.957826	0.821289
0.880302	0.243164
0.874243	0.170898
0.876011	0.000000
0.730536	0.000000
0.804915	0.000000
0.905077	0.436523
0.744422	0.000000
0.850633	0.000000
0.952457	0.635742
0.943249	0.790039
0.958213	0.770508
0.833534	0.000000
0.880625	0.012695
0.851444	0.000000
0.919178	0.549805
0.879901	0.182617
0.943647	0.713867
0.808970	0.000000
0.763120	0.000000
0.863541	0.000000
0.774736	0.000000
0.842958	0.000000
0.733462	0.000000
0.852240	0.000000
0.941911	0.459961
0.840172	0.104492
0.946727	0.805664
0.911151	0.268555
0.913018	0.178711
0.802434	0.000000
0.622552	0.000000
0.892341	0.000000
0.558735	0.000000
0.903138	0.000000
0.876991	0.000000
0.833275	0.000000
0.911498	0.463867
0.815820	0.000000
0.855248	0.000000
0.938597	0.360352
0.758879	0.000000
0.825176	0.000000
0.907770	0.208008
0.248563	0.000000
0.684087	0.000000
0.927677	0.321289
0.868603	0.000000
0.930103	0.491211
0.956675	0.737305
0.906502	0.319336
0.844338	0.000000
0.847202	0.000000
0.842796	0.041992
0.922354	0.362305
0.843494	0.000000
0.935595	0.516602
0.925124	0.442383
0.896379	0.336914
0.873792	0.043945
0.963401	0.854492
0.745743	0.000000
0.985160	0.969727
0.920520	0.323242
0.927865	0.508789
0.762334	0.000000
0.865317	0.000000
0.350999	0.000000
0.873913	0.000000
0.972134	0.922852
0.762126	0.000000
0.936403	0.702148
0.775630	0.000000
0.744050	0.000000
0.925314	0.000977
0.874025	0.116211
0.832736	0.000000
0.944848	0.469727
0.687198	0.000000
0.921598	0.553711
0.914487	0.375977
0.169239	0.000000
0.658009	0.000000
0.839493	0.000000
0.942555	0.635742
0.924213	0.422852
0.638292	0.000000
0.955002	0.831055
0.813405	0.000000
0.866544	0.092773
0.813242	0.000000
0.557207	0.000000
0.877909	0.190430
0.771628	0.000000
0.766541	0.000000
0.831238	0.000000
0.911088	0.258789
0.933653	0.577148
0.895653	0.209961
0.950840	0.674805
0.775570	0.000000
0.961481	0.885742
0.905966	0.512695
0.837499	0.000000
0.943598	0.756836
0.596845	0.000000
0.946380	0.749023
0.710322	0.000000
0.893460	0.124023
0.964483	0.848633
0.896906	0.213867
0.447011	0.000000
0.885815	0.231445
0.650521	0.000000
0.839842	0.000000
0.916202	0.557617
0.916328	0.487305
0.880341	0.106445
0.522915	0.000000
0.745476	0.000000
0.894174	0.000000
0.670090	0.000000
0.959830	0.694336
0.325483	0.000000
0.907201	0.219727
0.904075	0.395508
0.821123	0.000000
0.385199	0.000000
0.942393	0.639648
0.869865	0.075195
0.899986	0.448242
0.852947	0.000000
0.865885	0.079102
0.795570	0.000000
0.919867	0.178711
0.978499	0.911133
0.926468	0.479492
0.835549	0.000000
0.864286	0.000000
0.784167	0.000000
0.861244	0.000000
0.871221	0.077148
0.891146	0.176758
0.848480	0.000000
0.855062	0.000000
0.923771	0.504883
0.924111	0.463867
0.830259	0.000000
0.861609	0.000000
0.903447	0.368164
0.829386	0.000000
0.860506	0.000000
0.769889	0.000000
0.907897	0.284180
0.796196	0.000000
0.884067	0.000000
0.837986	0.000000
0.963730	0.793945
0.901599	0.452148
0.875603	0.000000
0.834052	0.000000
0.627980	0.000000
0.888902	0.049805
0.922431	0.456055
0.820537	0.000000
0.934092	0.295898
0.632448	0.000000
0.817600	0.000000
0.949389	0.776367
0.681789	0.000000
0.776354	0.000000
0.870083	0.055664
0.848957	0.000000
0.914871	0.303711
0.880906	0.000000
0.077469	0.000000
0.771196	0.000000
0.607383	0.000000
0.943405	0.735352
0.978560	0.946289
0.902505	0.168945
0.733113	0.000000
0.453017	0.000000
0.479043	0.000000
0.804992	0.000000
0.903376	0.538086
0.948185	0.725586
0.736458	0.000000
0.943888	0.569336
0.940248	0.778320
0.838965	0.000000
0.885066	0.147461
0.770327	0.000000
0.872107	0.000000
0.910505	0.389648
0.954130	0.817383
0.648567	0.000000
0.804487	0.000000
0.874981	0.375977
0.649655	0.000000
0.423681	0.000000
0.949722	0.799805
0.923112	0.629883
0.927983	0.368164
0.929281	0.514648
0.608181	0.000000
0.913146	0.440430
0.827987	0.000000
0.891988	0.389648
0.770922	0.000000
0.796275	0.000000
0.465776	0.000000
0.902753	0.295898
0.419916	0.000000
0.875289	0.047852
0.762874	0.000000
0.911251	0.202148
0.674594	0.000000
0.986764	0.973633
0.721188	0.000000
0.800118	0.000000
0.950416	0.747070
0.913426	0.383789
0.686500	0.000000
0.837061	0.000000
0.902847	0.131836
0.893252	0.030273
0.550414	0.000000
0.604625	0.000000
0.904147	0.122070
0.968293	0.881836
0.881802	0.139648
0.950636	0.653320
0.673812	0.000000
0.875459	0.000000
0.954081	0.733398
0.944377	0.817383
0.783659	0.000000
0.911764	0.416992
0.769578	0.000000
0.766158	0.000000
0.780362	0.000000
0.924403	0.000000
0.826637	0.000000
0.915378	0.252930
0.868860	0.256836
0.907738	0.563477
0.847480	0.000000
0.776643	0.000000
0.881307	0.000000
0.919150	0.313477
0.845205	0.065430
0.768002	0.000000
0.978697	0.940430
0.816507	0.000000
0.968704	0.887695
0.923922	0.629883
0.943560	0.749023
0.622376	0.000000
0.943508	0.731445
0.920146	0.295898
0.964709	0.862305
0.842734	0.000000
0.828264	0.000000
0.951499	0.639648
0.701755	0.000000
0.745272	0.000000
0.907564	0.313477
0.877733	0.204102
0.750647	0.000000
0.932568	0.452148
0.694883	0.000000
0.923434	0.377930
0.632849	0.000000
0.671615	0.000000
0.841908	0.000000
0.804961	0.000000
0.958674	0.801758
0.897801	0.000000
0.939586	0.557617
0.885252	0.000000
0.787117	0.000000
0.936191	0.627930
0.791817	0.000000
0.804834	0.000000
0.965161	0.895508
0.729060	0.000000
0.926352	0.405273
0.799612	0.000000
0.776283	0.000000
0.899496	0.321289
0.916942	0.252930
0.894545	0.000000
0.521522	0.000000
0.917934	0.497070
0.893788	0.456055
0.801090	0.000000
0.849323	0.000000
0.918111	0.590820
0.793678	0.000000
0.722480	0.000000
0.955463	0.538086
0.735692	0.000000
0.847790	0.000000
0.788670	0.000000
0.966189	0.905273
0.657837	0.000000
0.926234	0.563477
0.890674	0.254883
0.842889	0.000000
0.863355	0.036133
0.751282	0.000000
0.956221	0.817383
0.309111	0.000000
0.662388	0.000000
0.985412	0.959961
0.963437	0.838867
0.855908	0.000000
0.787499	0.000000
0.883208	0.190430
0.941058	0.698242
0.907541	0.311523
0.830002	0.000000
0.952018	0.678711
0.868192	0.000000
0.840115	0.053711
0.958382	0.795898
0.677175	0.000000
0.791400	0.000000
0.704804	0.000000
0.819298	0.000000
0.880297	0.000000
0.887670	0.000000
0.884219	0.387695
0.677426	0.000000
0.777178	0.000000
0.852719	0.000000
0.763036	0.000000
0.950856	0.555664
0.898675	0.000000
0.575971	0.000000
0.885973	0.000000
0.907983	0.110352
0.703212	0.000000
0.957772	0.686523
0.906906	0.333008
0.959927	0.866211
0.911909	0.375977
0.948564	0.780273
0.911795	0.407227
0.887314	0.000000
0.596021	0.000000
0.771832	0.000000
0.858457	0.081055
0.782937	0.000000
0.942829	0.557617
0.944502	0.698242
0.735405	0.000000
0.932993	0.502930
0.801008	0.000000
0.904963	0.196289
0.769871	0.000000
0.943829	0.547852
0.798799	0.000000
0.928569	0.370117
0.903614	0.360352
0.874439	0.000000
0.921375	0.243164
0.899032	0.309570
0.943330	0.760742
0.878993	0.000000
0.891250	0.063477
0.909249	0.530273
0.532065	0.000000
0.899374	0.297852
0.832382	0.000000
0.645687	0.000000
0.820354	0.000000
0.929547	0.655273
0.894630	0.475586
0.896677	0.405273
0.604511	0.000000
0.589039	0.000000
0.842033	0.000000
0.904801	0.174805
0.968914	0.850586
0.731922	0.000000
0.790956	0.000000
0.749626	0.000000
0.914513	0.540039
0.937298	0.661133
0.940726	0.543945
0.876265	0.211914
0.957533	0.821289
0.904277	0.155273
0.740855	0.000000
0.886494	0.297852
0.843025	0.049805
0.903083	0.280273
0.556696	0.000000
0.759889	0.000000
0.811498	0.000000
0.972857	0.909180
0.836156	0.045898
0.690077	0.000000
0.966004	0.842773
0.855666	0.215820
0.805867	0.000000
0.780878	0.000000
0.784653	0.000000
0.956182	0.754883
0.862338	0.000000
0.894021	0.440430
0.922158	0.508789
0.868574	0.186523
0.947734	0.639648
0.738176	0.000000
0.893816	0.139648
0.832760	0.000000
0.887268	0.000000
0.854754	0.041992
0.868201	0.124023
0.972916	0.879883
0.959603	0.823242
0.929437	0.741211
0.929249	0.764648
0.794550	0.000000
0.709137	0.000000
0.881737	0.327148
0.871647	0.000000
0.720285	0.000000
0.882295	0.344727
0.230762	0.000000
0.938103	0.653320
0.961098	0.854492
0.870157	0.000000
0.925951	0.659180
0.754912	0.000000
0.782462	0.000000
0.701987	0.000000
0.837363	0.000000
0.947110	0.711914
0.793686	0.000000
0.832639	0.000000
0.871514	0.000000
0.873972	0.000000
0.544023	0.000000
0.693344	0.000000
0.809882	0.000000
0.883517	0.243164
0.775851	0.000000
0.938846	0.327148
0.936262	0.399414
0.858090	0.000000
0.941385	0.526367
0.726869	0.000000
0.768749	0.000000
0.590027	0.000000
0.977304	0.948242
0.815063	0.000000
0.876414	0.000000
0.917606	0.508789
0.856286	0.000000
0.950700	0.741211
0.885650	0.008789
0.955834	0.764648
0.928013	0.596680
0.774299	0.000000
0.864517	0.012695
0.752480	0.000000
0.902616	0.299805
0.908097	0.204102
0.906552	0.252930
0.947405	0.782227
0.941894	0.666992
0.940504	0.692383
0.364110	0.000000
0.685876	0.000000
0.915890	0.606445
0.928077	0.516602
0.820263	0.000000
0.700865	0.000000
0.838762	0.000000
0.814416	0.000000
0.976069	0.913086
0.852373	0.000000
0.785399	0.000000
0.919700	0.432617
0.930362	0.352539
0.886205	0.026367
0.917859	0.444336
0.749498	0.000000
0.971732	0.893555
0.900335	0.426758
0.899663	0.090820
0.613619	0.000000
0.915437	0.454102
0.584392	0.000000
0.871086	0.000000
0.933796	0.459961
0.961170	0.782227
0.930280	0.635742
0.880028	0.110352
0.965850	0.795898
0.695054	0.000000
0.887109	0.317383
0.885608	0.151367
0.883098	0.000000
0.798170	0.000000
0.947068	0.625977
0.516050	0.000000
0.829344	0.000000
0.799117	0.000000
0.816451	0.000000
0.631956	0.000000
0.721501	0.000000
0.869458	0.000000
0.752684	0.000000
0.862394	0.000000
0.935735	0.553711
