"","school","mean","sigma_n","prior_mean","prior_sd"
"1",1011,47.3064516129032,1.5716470412683,48.0884038389471,3.58776437292074
"2",1012,51.0806666666667,2.25938497667174,49.6762064477767,3.58776437292074
"3",1021,39.9976470588235,2.12232263295705,43.3199911704138,3.58776437292074
"4",1022,47.0048387096774,1.5716470412683,50.6724305780673,3.58776437292074
"5",1032,48.735,2.33868563654505,45.8832475954465,3.58776437292074
"6",1033,49.285652173913,1.82461797183327,49.6138955055142,3.58776437292074
"7",1041,53.305,2.062526863019,51.9962716457194,3.58776437292074
"8",1042,55.8775,1.78620065936228,51.9755013316319,3.58776437292074
"9",1051,51.4833333333333,1.5232770405236,52.0793529020695,3.58776437292074
"10",1052,50.138125,2.18764009683022,46.4651131439026,3.58776437292074
"11",1061,52.7286363636364,1.86562574308984,52.6179295323899,3.58776437292074
"12",1062,54.3891666666667,2.5260691975899,51.2750664406109,3.58776437292074
"13",1071,49.8896666666667,1.5976264383156,51.2750664406109,3.58776437292074
"14",1072,44.7775,1.65370047266458,51.2750664406109,3.58776437292074
"15",1081,57.7738888888889,2.062526863019,52.5971592183024,3.58776437292074
"16",1082,53.5869565217391,1.82461797183327,52.5763889042149,3.58776437292074
"17",1091,50.9403703703704,1.6840461317266,52.5971592183024,3.58776437292074
"18",1092,55.7345833333333,1.78620065936228,52.5348482760399,3.58776437292074
"19",1101,54.2064,1.75011207746418,51.9755013316319,3.58776437292074
"20",1111,52.1604,1.75011207746418,50.2580719962329,3.58776437292074
"21",1112,54.9464705882353,2.12232263295705,48.7325803296657,3.58776437292074
"22",1121,49.2041176470588,2.12232263295705,48.7325803296657,3.58776437292074
"23",1132,48.4575,1.65370047266458,50.2165313680578,3.58776437292074
"24",1141,58.9130769230769,1.71612608345466,52.6179295323899,3.58776437292074
"25",1142,53.42,2.062526863019,52.6179295323899,3.58776437292074
"26",1151,47.7461538461538,1.71612608345466,51.2958367546984,3.58776437292074
"27",1152,56.0832142857143,1.65370047266458,52.6179295323899,3.58776437292074
"28",1161,44.1572222222222,2.062526863019,48.7533506437533,3.58776437292074
"29",1171,59.632,3.91336957345328,52.5971592183024,3.58776437292074
"30",1172,51.446875,2.18764009683022,52.017041959807,3.58776437292074
"31",1181,48.99875,3.09379029452849,50.2165313680578,3.58776437292074
"32",1191,49.6654166666667,1.78620065936228,51.2335258124359,3.58776437292074
"33",1192,44.2007142857143,1.65370047266458,51.3166070687859,3.58776437292074
"34",1201,53.9496774193548,1.5716470412683,52.6179295323899,3.58776437292074
"35",1202,53.4496153846154,1.71612608345466,50.2580719962329,3.58776437292074
"36",1211,42.08,1.5716470412683,48.7118100155782,3.58776437292074
"37",1212,44.3428125,1.54689514726425,48.7118100155782,3.58776437292074
"38",1221,49.3346153846154,1.71612608345466,52.017041959807,3.58776437292074
"39",1222,54.4157692307692,1.71612608345466,52.5763889042149,3.58776437292074
"40",1231,50.4433333333333,1.5976264383156,50.2165313680578,3.58776437292074
"41",1232,51.0196774193548,1.5716470412683,52.017041959807,3.58776437292074
"42",1241,52.3264285714286,1.65370047266458,51.4441544071241,3.58776437292074
"43",1242,51.9775,1.65370047266458,51.4441544071241,3.58776437292074
"44",1251,52.4306451612903,1.5716470412683,52.7454768707281,3.58776437292074
"45",1261,51.97125,2.18764009683022,51.4649247212116,3.58776437292074
"46",1262,54.309,1.5976264383156,52.7454768707281,3.58776437292074
"47",1271,49.1117647058824,2.12232263295705,51.4649247212116,3.58776437292074
"48",1272,55.3592,1.75011207746418,52.1653596122326,3.58776437292074
"49",1281,53.6883333333333,2.062526863019,52.1653596122326,3.58776437292074
"50",1282,48.551875,2.18764009683022,51.4026137789491,3.58776437292074
"51",1291,49.8592592592593,1.6840461317266,52.7039362425531,3.58776437292074
"52",1292,50.0095833333333,1.78620065936228,52.7870174989031,3.58776437292074
"53",1301,47.5489473684211,2.00751623303589,50.4370194992988,3.58776437292074
"54",1302,39.3709523809524,1.90952882610381,51.1997653325824,3.58776437292074
"55",1311,39.46375,2.18764009683022,45.606295888503,3.58776437292074
"56",1312,40.149375,2.18764009683022,43.0430394634703,3.58776437292074
"57",1321,46.8988235294118,2.12232263295705,43.1053504057329,3.58776437292074
"58",1322,41.6789655172414,1.62493827036227,50.4993304415614,3.58776437292074
"59",1331,52.8251724137931,1.62493827036227,51.2205356466699,3.58776437292074
"60",1332,44.3663636363636,1.86562574308984,45.6270662025905,3.58776437292074
"61",1342,50.3263636363636,1.86562574308984,50.4370194992988,3.58776437292074
"62",1351,50.8889473684211,2.00751623303589,51.8006529051654,3.58776437292074
"63",1352,40.8872727272727,1.86562574308984,45.647836516678,3.58776437292074
"64",1361,51.267619047619,1.90952882610381,49.4407953690083,3.58776437292074
"65",1371,44.2477777777778,2.062526863019,47.8945333883537,3.58776437292074
"66",1372,44.2688461538462,1.71612608345466,43.1468910339079,3.58776437292074
"67",1381,44.7042307692308,1.71612608345466,50.0642015456394,3.58776437292074
"68",1382,55.4364285714286,1.65370047266458,51.06042567593,3.58776437292074
"69",1391,51.52,1.75011207746418,48.5179395649848,3.58776437292074
"70",1392,52.634,2.25938497667174,51.06042567593,3.58776437292074
"71",1401,53.1466666666667,1.78620065936228,52.361748139534,3.58776437292074
"72",1411,48.7489473684211,2.00751623303589,48.4763989368098,3.58776437292074
"73",1412,63.1491666666667,2.5260691975899,51.0188850477549,3.58776437292074
"74",1421,53.6428571428571,1.90952882610381,52.3409778254464,3.58776437292074
"75",1422,52.1816666666667,1.78620065936228,51.0188850477549,3.58776437292074
"76",1431,59.9878947368421,2.00751623303589,52.3202075113589,3.58776437292074
"77",1441,52.8455172413793,1.62493827036227,51.0396553618425,3.58776437292074
"78",1442,51.7336363636364,1.5232770405236,51.06042567593,3.58776437292074
"79",1451,52.9004,1.75011207746418,52.3409778254464,3.58776437292074
"80",1452,53.7990909090909,2.63839322819004,51.0811959900175,3.58776437292074
"81",1461,50.206,1.95668478672664,51.8439418233011,3.58776437292074
"82",1462,48.3969230769231,2.42696878196381,51.8231715092135,3.58776437292074
"83",1471,49.2115384615385,1.71612608345466,51.0396553618425,3.58776437292074
"84",1472,51.3111111111111,2.062526863019,52.361748139534,3.58776437292074
"85",1481,49.4185714285714,1.90952882610381,51.0188850477549,3.58776437292074
"86",1482,48.9371428571429,1.90952882610381,51.760860566951,3.58776437292074
"87",1491,50.3055555555556,2.062526863019,46.2712426933092,3.58776437292074
"88",1501,52.5723076923077,1.71612608345466,52.3825184536215,3.58776437292074
"89",1502,48.31,1.78620065936228,48.5179395649848,3.58776437292074
"90",1521,52.9675,1.65370047266458,52.3202075113589,3.58776437292074
"91",1522,57.2090909090909,1.86562574308984,51.7816308810385,3.58776437292074
"92",1531,51.8364285714286,1.65370047266458,50.2332895121526,3.58776437292074
"93",1532,50.8017391304348,1.82461797183327,52.0130297898143,3.58776437292074
"94",1541,48.0833333333333,2.25938497667174,51.2502839565307,3.58776437292074
"95",1542,56.9103703703704,1.6840461317266,52.5516064201347,3.58776437292074
"96",1551,52.5894117647059,2.12232263295705,51.9922594757267,3.58776437292074
"97",1552,54.604,1.95668478672664,52.5308361060472,3.58776437292074
"98",1561,51.2629411764706,2.12232263295705,52.5100657919596,3.58776437292074
"99",1562,46.1385185185185,1.6840461317266,52.5723767342222,3.58776437292074
"100",1571,53.0033333333333,1.78620065936228,51.2502839565307,3.58776437292074
"101",1572,50.70125,2.18764009683022,52.5723767342222,3.58776437292074
"102",1581,52.549375,1.54689514726425,51.2502839565307,3.58776437292074
"103",1582,49.154,1.75011207746418,51.9922594757267,3.58776437292074
"104",1592,46.8071428571429,1.65370047266458,51.2502839565307,3.58776437292074
"105",1602,54.0966666666667,1.78620065936228,51.9922594757267,3.58776437292074
"106",1612,57.2776923076923,2.42696878196381,48.687027531498,3.58776437292074
"107",1621,61.3036363636364,2.63839322819004,51.1997653325824,3.58776437292074
"108",1622,42.5870588235294,2.12232263295705,45.6270662025905,3.58776437292074
"109",1631,48.214,1.5976264383156,50.4370194992988,3.58776437292074
"110",1632,44.859375,1.54689514726425,45.6270662025905,3.58776437292074
"111",1641,40.3473913043478,1.82461797183327,43.1261207198204,3.58776437292074
"112",1642,49.2221052631579,2.00751623303589,47.8945333883537,3.58776437292074
"113",1651,53.9833333333333,2.062526863019,51.1997653325824,3.58776437292074
"114",1652,43.5664705882353,2.12232263295705,45.647836516678,3.58776437292074
"115",1661,58.3425,2.5260691975899,49.4200250549208,3.58776437292074
"116",1662,53.294347826087,1.82461797183327,51.1997653325824,3.58776437292074
"117",1672,50.9536666666667,1.5976264383156,50.9981147336674,3.58776437292074
"118",1681,49.0784615384615,2.42696878196381,52.3409778254464,3.58776437292074
"119",1682,45.8983333333333,2.5260691975899,51.7816308810385,3.58776437292074
"120",1691,49.3071428571429,2.33868563654505,52.3202075113589,3.58776437292074
"121",1692,47.4367857142857,1.65370047266458,50.0434312315519,3.58776437292074
"122",1701,47.7772727272727,1.86562574308984,48.5179395649848,3.58776437292074
"123",1702,50.1640909090909,1.86562574308984,51.0396553618425,3.58776437292074
"124",1711,52.6611111111111,2.062526863019,50.0226609174644,3.58776437292074
"125",1721,49.2973333333333,2.25938497667174,48.4971692508973,3.58776437292074
"126",1722,49.3811111111111,2.062526863019,52.3409778254464,3.58776437292074
"127",1731,54.2707142857143,2.33868563654505,51.0188850477549,3.58776437292074
"128",1732,50.7336842105263,2.00751623303589,50.0434312315519,3.58776437292074
"129",1741,57.321,1.95668478672664,50.0434312315519,3.58776437292074
"130",1742,50.0826666666667,1.5976264383156,51.101966304105,3.58776437292074
"131",1751,45.4286666666667,2.25938497667174,48.5387098790723,3.58776437292074
"132",1752,51.7965,1.95668478672664,50.0642015456394,3.58776437292074
"133",1761,48.6129166666667,1.78620065936228,50.0018906033769,3.58776437292074
"134",1762,55.9604545454545,1.86562574308984,51.0188850477549,3.58776437292074
"135",1771,51.0304545454545,1.86562574308984,50.0849718597269,3.58776437292074
"136",1772,52.9425,2.18764009683022,50.0642015456394,3.58776437292074
"137",1782,50.471,1.95668478672664,52.3409778254464,3.58776437292074
"138",1791,49.1013333333333,1.5976264383156,51.2502839565307,3.58776437292074
"139",1792,49.5528947368421,1.41952834172175,50.2332895121526,3.58776437292074
"140",1801,48.7290625,1.54689514726425,48.7077978455855,3.58776437292074
"141",1802,41.6704166666667,1.78620065936228,43.8770742347897,3.58776437292074
"142",1811,51.1459259259259,1.6840461317266,51.2087433283557,3.58776437292074
"143",1812,49.9681481481481,1.6840461317266,43.8770742347897,3.58776437292074
"144",1821,41.052,3.91336957345328,46.4195603457349,3.58776437292074
"145",1822,50.9769565217391,1.82461797183327,48.687027531498,3.58776437292074
"146",1831,50.4363636363636,2.63839322819004,48.6662572174105,3.58776437292074
"147",1832,48.67,2.00751623303589,50.2332895121526,3.58776437292074
"148",1841,56.4016666666667,2.5260691975899,50.2332895121526,3.58776437292074
"149",1842,51.7330769230769,1.71612608345466,51.9922594757267,3.58776437292074
"150",1851,44.7522727272727,1.86562574308984,50.2332895121526,3.58776437292074
"151",1852,53.4373913043478,1.82461797183327,50.2332895121526,3.58776437292074
"152",1861,38.2223529411765,2.12232263295705,47.7517796948401,3.58776437292074
"153",1862,54.7324137931034,1.62493827036227,50.2734954916978,3.58776437292074
"154",1871,54.6739130434783,1.82461797183327,50.2734954916978,3.58776437292074
"155",1872,45.649375,2.18764009683022,47.7310093807526,3.58776437292074
"156",1882,50.0621428571429,2.33868563654505,49.2980416754947,3.58776437292074
"157",1891,40.6785714285714,3.30740094532916,47.7102390666651,3.58776437292074
"158",1892,50.1607142857143,2.33868563654505,49.2149604191447,3.58776437292074
"159",1901,42.785,2.5260691975899,45.4220015668144,3.58776437292074
"160",1902,48.0925,1.95668478672664,49.2357307332322,3.58776437292074
"161",1911,52.206,2.25938497667174,51.0154710108938,3.58776437292074
"162",1912,45.5225,1.78620065936228,47.7102390666651,3.58776437292074
"163",1913,53.215,2.33868563654505,49.2357307332322,3.58776437292074
"164",1921,56.1681818181818,1.86562574308984,52.1566835037579,3.58776437292074
"165",1922,51.238,2.25938497667174,50.8761313542414,3.58776437292074
"166",1931,54.1912,1.75011207746418,52.1566835037579,3.58776437292074
"167",1932,47.0272222222222,2.062526863019,45.983096801183,3.58776437292074
"168",1941,48.5988888888889,1.6840461317266,50.8138204119788,3.58776437292074
"169",1951,46.7128571428571,1.90952882610381,46.0454077434456,3.58776437292074
"170",1952,46.3437037037037,1.6840461317266,46.0454077434456,3.58776437292074
"171",1961,44.7463636363636,1.86562574308984,50.8553610401539,3.58776437292074
"172",1962,46.0554166666667,1.78620065936228,50.8345907260664,3.58776437292074
"173",1971,51.7973913043478,1.82461797183327,49.8175962816883,3.58776437292074
"174",1972,55.0911764705882,2.12232263295705,52.1566835037579,3.58776437292074
"175",1981,47.9641379310345,1.62493827036227,50.8138204119788,3.58776437292074
"176",1982,49.3168181818182,1.86562574308984,50.8553610401539,3.58776437292074
"177",1991,49.5572,1.75011207746418,52.1359131896703,3.58776437292074
"178",1992,55.1888461538462,1.71612608345466,49.8175962816883,3.58776437292074
"179",2001,53.2744,1.75011207746418,48.2713343010337,3.58776437292074
"180",2011,48.925,1.86562574308984,49.8175962816883,3.58776437292074
"181",2012,44.2890476190476,1.90952882610381,48.3544155573837,3.58776437292074
"182",2021,53.49,2.00751623303589,51.6388771875249,3.58776437292074
"183",2022,42.9663636363636,2.63839322819004,52.1982241319329,3.58776437292074
"184",2032,46.756,2.76717016267792,46.024637429358,3.58776437292074
"185",2041,49.4107692307692,2.42696878196381,46.024637429358,3.58776437292074
"186",2042,40.8340625,1.54689514726425,46.024637429358,3.58776437292074
"187",2051,51.7129411764706,2.12232263295705,51.6181068734374,3.58776437292074
"188",2052,49.244,2.76717016267792,48.2921046151212,3.58776437292074
"189",2061,46.5231034482759,1.62493827036227,50.8345907260664,3.58776437292074
"190",2062,49.9727586206897,1.62493827036227,52.1359131896703,3.58776437292074
"191",2071,46.2607142857143,2.33868563654505,49.7968259676008,3.58776437292074
"192",2072,53.934375,2.18764009683022,52.1359131896703,3.58776437292074
"193",2081,52.38,2.12232263295705,52.3257714702711,3.58776437292074
"194",2091,53.3721428571429,2.33868563654505,52.3050011561835,3.58776437292074
"195",2092,50.0696,1.75011207746418,51.0452193207546,3.58776437292074
"196",2101,56.4622222222222,1.6840461317266,52.3673120984461,3.58776437292074
"197",2102,54.5733333333333,2.25938497667174,52.3673120984461,3.58776437292074
"198",2111,52.0739285714286,1.65370047266458,52.3465417843586,3.58776437292074
"199",2112,54.5842105263158,2.00751623303589,52.3257714702711,3.58776437292074
"200",2121,53.348,2.25938497667174,52.3257714702711,3.58776437292074
"201",2122,51.6611538461538,1.71612608345466,52.284230842096,3.58776437292074
"202",2131,48.2430769230769,2.42696878196381,48.5235035238969,3.58776437292074
"203",2132,49.3411111111111,2.062526863019,48.5027332098094,3.58776437292074
"204",2141,42.2335,1.95668478672664,51.0244490066671,3.58776437292074
"205",2142,49.1957142857143,1.90952882610381,51.7664245258631,3.58776437292074
"206",2151,48.8276,1.75011207746418,46.2144957099588,3.58776437292074
"207",2152,48.9977777777778,2.062526863019,43.6720095990136,3.58776437292074
"208",2161,53.4624137931034,1.62493827036227,52.3465417843586,3.58776437292074
"209",2162,46.5827272727273,1.86562574308984,52.3050011561835,3.58776437292074
"210",2171,52.6048148148148,1.6840461317266,50.982908378492,3.58776437292074
"211",2172,48.1271875,1.54689514726425,52.3050011561835,3.58776437292074
"212",2173,57.3166666666667,2.5260691975899,51.7248838976881,3.58776437292074
"213",2182,45.0040909090909,1.86562574308984,47.7517796948401,3.58776437292074
"214",2191,52.766,1.75011207746418,51.6163585834768,3.58776437292074
"215",2192,38.6185294117647,1.50070872562962,47.7310093807526,3.58776437292074
"216",2201,42.4545,1.95668478672664,49.2357307332322,3.58776437292074
"217",2202,46.6284210526316,2.00751623303589,45.4012312527269,3.58776437292074
"218",2211,47.08,2.25938497667174,49.2565010473197,3.58776437292074
"219",2212,50.315,2.18764009683022,45.484312509077,3.58776437292074
"220",2221,54.6026086956522,1.82461797183327,49.8175962816883,3.58776437292074
"221",2222,49.4438888888889,2.062526863019,48.3544155573837,3.58776437292074
"222",2231,51.1768181818182,1.86562574308984,49.8383665957758,3.58776437292074
"223",2241,51.0583333333333,2.062526863019,50.8345907260664,3.58776437292074
"224",2242,49.3278260869565,1.82461797183327,49.8175962816883,3.58776437292074
"225",2251,51.1278260869565,1.82461797183327,48.3751858714713,3.58776437292074
"226",2252,46.3684,1.75011207746418,43.5236919465879,3.58776437292074
"227",2261,45.0892857142857,2.33868563654505,43.4821513184129,3.58776437292074
"228",2262,48.5764,1.75011207746418,49.8799072239508,3.58776437292074
"229",2271,53.6595238095238,1.90952882610381,50.8761313542414,3.58776437292074
"230",2281,50.745,2.062526863019,50.8969016683289,3.58776437292074
"231",2282,49.5269565217391,1.82461797183327,46.0454077434456,3.58776437292074
"232",2291,46.0979166666667,1.78620065936228,48.3336452432962,3.58776437292074
"233",2292,46.0064705882353,2.12232263295705,49.8591369098633,3.58776437292074
"234",2301,48.9957894736842,2.00751623303589,46.0661780575331,3.58776437292074
"235",2302,47.9855172413793,1.62493827036227,50.8761313542414,3.58776437292074
"236",2311,49.345,1.86562574308984,48.3336452432962,3.58776437292074
"237",2312,48.8005,1.95668478672664,43.4821513184129,3.58776437292074
"238",2321,52.4154545454545,1.86562574308984,51.0659896348421,3.58776437292074
"239",2322,43.6275,2.5260691975899,43.6720095990136,3.58776437292074
"240",2331,40.344,1.5976264383156,50.007454562289,3.58776437292074
"241",2332,45.8395454545455,1.86562574308984,51.0036786925796,3.58776437292074
"242",2341,49.4522222222222,1.6840461317266,51.7664245258631,3.58776437292074
"243",2351,42.8926315789474,2.00751623303589,43.6720095990136,3.58776437292074
"244",2352,46.72375,1.78620065936228,48.4819628957219,3.58776437292074
"245",2361,47.7,1.6840461317266,48.4611925816344,3.58776437292074
"246",2362,47.4326315789474,2.00751623303589,48.5027332098094,3.58776437292074
"247",2372,50.6180769230769,1.71612608345466,48.4611925816344,3.58776437292074
"248",2373,46.2744444444444,2.062526863019,46.2352660240463,3.58776437292074
"249",2381,44.7688235294118,2.12232263295705,42.9418263981318,3.58776437292074
"250",2382,54.7225,1.95668478672664,45.4635421949895,3.58776437292074
"251",2391,48.4933333333333,1.5976264383156,42.8795154558693,3.58776437292074
"252",2392,46.2710526315789,2.00751623303589,45.4635421949895,3.58776437292074
"253",2401,44.9016666666667,2.5260691975899,45.4012312527269,3.58776437292074
"254",2411,54.095,1.86562574308984,50.2319548635227,3.58776437292074
"255",2412,50.1745,1.95668478672664,50.2319548635227,3.58776437292074
"256",2413,45.7068421052632,2.00751623303589,50.3150361198728,3.58776437292074
"257",2421,46.4666666666667,1.78620065936228,51.6804178157,3.58776437292074
"258",2422,40.0205882352941,2.12232263295705,43.5236919465879,3.58776437292074
"259",2432,52.4886363636364,1.86562574308984,52.1359131896703,3.58776437292074
"260",2441,37.132,2.76717016267792,43.5444622606754,3.58776437292074
"261",2442,45.3445,1.95668478672664,48.3544155573837,3.58776437292074
"262",2451,48.1735,1.95668478672664,48.3544155573837,3.58776437292074
"263",2452,44.2541176470588,2.12232263295705,46.024637429358,3.58776437292074
"264",2461,41.6228571428571,2.33868563654505,43.5444622606754,3.58776437292074
"265",2462,52.3811111111111,2.062526863019,46.0661780575331,3.58776437292074
"266",2471,48.1581818181818,1.86562574308984,46.0454077434456,3.58776437292074
"267",2472,50.059,2.76717016267792,49.8591369098633,3.58776437292074
"268",2473,43.016,1.75011207746418,48.3751858714713,3.58776437292074
"269",2481,47.9255,1.95668478672664,50.048995190464,3.58776437292074
"270",2482,48.2055555555556,1.6840461317266,50.0282248763765,3.58776437292074
"271",2491,51.4075,1.95668478672664,50.007454562289,3.58776437292074
"272",2501,45.910625,2.18764009683022,48.5235035238969,3.58776437292074
"273",2503,50.2055555555556,1.6840461317266,51.8287354681257,3.58776437292074
"274",2511,48.996875,2.18764009683022,45.0462357677026,3.58776437292074
"275",2512,55.6822222222222,1.6840461317266,51.3029037266275,3.58776437292074
"276",2521,59.7805882352941,2.12232263295705,51.2613630984525,3.58776437292074
"277",2532,49.4069565217391,1.82461797183327,47.3967842098158,3.58776437292074
"278",2541,51.8786666666667,2.25938497667174,49.897729692586,3.58776437292074
"279",2542,47.3723076923077,1.71612608345466,51.1990521561899,3.58776437292074
"280",2551,48.8179166666667,1.78620065936228,47.3552435816408,3.58776437292074
"281",2552,56.0329411764706,2.12232263295705,45.0670060817901,3.58776437292074
"282",2561,52.3328571428571,3.30740094532916,47.3760138957283,3.58776437292074
"283",2562,55.0975,2.5260691975899,51.1990521561899,3.58776437292074
"284",2563,44.5846875,1.54689514726425,45.0462357677026,3.58776437292074
"285",2571,51.255,2.18764009683022,50.4795952410421,3.58776437292074
"286",2572,50.2545,1.95668478672664,50.4795952410421,3.58776437292074
"287",2581,52.0875,2.18764009683022,49.462600796664,3.58776437292074
"288",2582,49.2445,1.95668478672664,51.8432286469086,3.58776437292074
"289",2591,46.66,2.12232263295705,45.7319528865963,3.58776437292074
"290",2592,53.3316666666667,2.062526863019,51.8224583328211,3.58776437292074
"291",2601,46.8957142857143,1.90952882610381,47.9163388160094,3.58776437292074
"292",2602,50.4026315789474,2.00751623303589,51.7809177046461,3.58776437292074
"293",2611,51.4111538461538,1.71612608345466,50.5211358692171,3.58776437292074
"294",2612,38.8966666666667,1.90952882610381,47.9578794441844,3.58776437292074
"295",2621,45.5673333333333,2.25938497667174,50.4795952410421,3.58776437292074
"296",2622,49.4031578947368,2.00751623303589,50.5419061833046,3.58776437292074
"297",2631,46.9910526315789,2.00751623303589,47.9994200723594,3.58776437292074
"298",2641,49.3647619047619,1.90952882610381,50.5211358692171,3.58776437292074
"299",2642,50.0139130434783,1.82461797183327,43.1479261474761,3.58776437292074
"300",2643,59.5264285714286,2.33868563654505,49.504141424839,3.58776437292074
"301",2651,51.2644444444444,2.9168534624403,48.1685080388727,3.58776437292074
"302",2652,52.7433333333333,1.6840461317266,50.7109941498178,3.58776437292074
"303",2661,48.4808695652174,1.82461797183327,49.5901481350022,3.58776437292074
"304",2662,53.0032142857143,1.65370047266458,49.6939997054398,3.58776437292074
"305",2671,49.77625,2.18764009683022,51.1990521561899,3.58776437292074
"306",2672,53.8885714285714,1.90952882610381,49.9185000066735,3.58776437292074
"307",2681,56.8939130434783,1.82461797183327,51.240592784365,3.58776437292074
"308",2682,43.3735714285714,1.65370047266458,45.1085467099652,3.58776437292074
"309",2683,44.1614814814815,1.6840461317266,45.0670060817901,3.58776437292074
"310",2691,53.67,2.5260691975899,50.4795952410421,3.58776437292074
"311",2692,39.4645454545455,1.86562574308984,45.7111825725088,3.58776437292074
"312",2701,47.1483333333333,2.5260691975899,50.4795952410421,3.58776437292074
"313",2711,51.1141666666667,2.5260691975899,47.9994200723594,3.58776437292074
"314",2712,60.7761538461538,2.42696878196381,50.5003655551296,3.58776437292074
"315",2722,57.8244444444444,2.9168534624403,50.5003655551296,3.58776437292074
"316",2731,50.7,2.00751623303589,50.5419061833046,3.58776437292074
"317",2732,54.3636363636364,1.86562574308984,50.5003655551296,3.58776437292074
"318",2741,53.0329411764706,2.12232263295705,49.504141424839,3.58776437292074
"319",2742,57.9206666666667,1.5976264383156,51.8224583328211,3.58776437292074
"320",2751,50.8495238095238,1.90952882610381,47.9578794441844,3.58776437292074
"321",2752,41.7020833333333,1.78620065936228,47.9371091300969,3.58776437292074
"322",2761,56.8366666666667,2.9168534624403,48.1685080388727,3.58776437292074
"323",2762,50.182962962963,1.6840461317266,51.3906587267513,3.58776437292074
"324",2771,50.278,1.75011207746418,51.3906587267513,3.58776437292074
"325",2772,53.6995652173913,1.82461797183327,48.1685080388727,3.58776437292074
"326",2781,47.656,1.75011207746418,49.897729692586,3.58776437292074
"327",2782,55.4177272727273,1.86562574308984,42.524519970845,3.58776437292074
"328",2791,43.4128571428571,1.65370047266458,47.3344732675533,3.58776437292074
"329",2792,48.5013333333333,2.25938497667174,45.0462357677026,3.58776437292074
"330",2801,47.9429411764706,2.12232263295705,47.3344732675533,3.58776437292074
"331",2802,41.6653333333333,2.25938497667174,49.8769593784985,3.58776437292074
"332",2811,38.8671428571429,1.90952882610381,42.5037496567574,3.58776437292074
"333",2812,39.7,1.95668478672664,47.3344732675533,3.58776437292074
"334",2821,45.8890909090909,1.86562574308984,45.0462357677026,3.58776437292074
"335",2822,38.6673333333333,2.25938497667174,50.639705211782,3.58776437292074
"336",2831,41.8038888888889,2.062526863019,45.0462357677026,3.58776437292074
"337",2832,63.0373684210526,2.00751623303589,51.1990521561899,3.58776437292074
"338",2841,45.7816,1.75011207746418,49.8769593784985,3.58776437292074
"339",2851,43.7896296296296,1.6840461317266,45.0462357677026,3.58776437292074
"340",2852,38.58125,1.78620065936228,47.3552435816408,3.58776437292074
"341",2861,41.67625,1.78620065936228,48.8807352482079,3.58776437292074
"342",2862,41.6312,1.75011207746418,45.0670060817901,3.58776437292074
"343",2871,45.1964285714286,1.65370047266458,48.8599649341204,3.58776437292074
"344",2872,47.4788888888889,2.062526863019,49.897729692586,3.58776437292074
"345",2881,42.0496428571429,1.65370047266458,47.3344732675533,3.58776437292074
"346",2891,42.7129166666667,1.78620065936228,47.3344732675533,3.58776437292074
"347",2892,46.7944827586207,1.62493827036227,48.9015055622954,3.58776437292074
"348",2901,48.9495,1.95668478672664,47.9786497582719,3.58776437292074
"349",2911,61.4621212121212,1.5232770405236,51.3046520165882,3.58776437292074
"350",2921,42.4775862068966,1.62493827036227,47.9371091300969,3.58776437292074
"351",2922,41.2371428571429,1.90952882610381,45.6696419443338,3.58776437292074
"352",2932,56.1505,1.95668478672664,51.8224583328211,3.58776437292074
"353",2941,51.9005,1.95668478672664,50.4588249269546,3.58776437292074
"354",2942,45.2165625,1.54689514726425,45.6696419443338,3.58776437292074
"355",2951,46.5395,1.95668478672664,47.9163388160094,3.58776437292074
"356",2952,45.0824,1.75011207746418,49.4418304825765,3.58776437292074
"357",2961,52.3688888888889,1.6840461317266,51.8224583328211,3.58776437292074
"358",2962,44.4907407407407,1.6840461317266,51.2215707602381,3.58776437292074
"359",2971,47.1030303030303,1.5232770405236,51.2423410743256,3.58776437292074
"360",2972,40.5396296296296,1.6840461317266,45.6281013161587,3.58776437292074
"361",2982,38.9557894736842,2.00751623303589,47.9163388160094,3.58776437292074
"362",2992,50.97,2.33868563654505,51.2215707602381,3.58776437292074
"363",3001,49.0415,1.95668478672664,45.6281013161587,3.58776437292074
"364",3002,50.4148275862069,1.62493827036227,49.4418304825765,3.58776437292074
"365",3011,50.7326923076923,1.71612608345466,51.7809177046461,3.58776437292074
"366",3012,41.3804,1.75011207746418,50.4588249269546,3.58776437292074
"367",3021,43.5222580645161,1.5716470412683,49.4418304825765,3.58776437292074
"368",3022,48.8687096774194,1.5716470412683,45.6488716302462,3.58776437292074
"369",3031,43.1636363636364,1.86562574308984,43.0856152052135,3.58776437292074
"370",3042,50.0245833333333,1.78620065936228,50.4588249269546,3.58776437292074
"371",3051,43.945,4.37528019366045,48.020190386447,3.58776437292074
"372",3052,42.7496551724138,1.62493827036227,45.7111825725088,3.58776437292074
"373",3061,42.9140625,1.54689514726425,47.9994200723594,3.58776437292074
"374",3062,44.654375,2.18764009683022,47.9786497582719,3.58776437292074
"375",3071,50.963,1.95668478672664,51.4114290408388,3.58776437292074
"376",3072,49.3778947368421,2.00751623303589,49.6524590772647,3.58776437292074
"377",3082,50.712,2.25938497667174,50.6279128934678,3.58776437292074
"378",3083,45.6786956521739,1.82461797183327,45.880270539022,3.58776437292074
"379",3091,55.9504545454545,1.86562574308984,51.5955882693893,3.58776437292074
"380",3092,44.0553846153846,1.71612608345466,47.7310093807526,3.58776437292074
"381",3101,48.9553846153846,2.42696878196381,50.2319548635227,3.58776437292074
"382",3102,50.323125,2.18764009683022,51.0154710108938,3.58776437292074
"383",3111,40.5125925925926,1.6840461317266,47.7102390666651,3.58776437292074
"384",3112,46.8917647058824,2.12232263295705,50.2527251776103,3.58776437292074
"385",3121,50.884,2.25938497667174,50.2319548635227,3.58776437292074
"386",3122,65.05,4.37528019366045,50.2319548635227,3.58776437292074
"387",3132,45.4636363636364,2.63839322819004,43.5029216325004,3.58776437292074
"388",3141,49.3911538461538,1.71612608345466,50.8553610401539,3.58776437292074
"389",3142,46.8138461538462,2.42696878196381,49.8383665957758,3.58776437292074
"390",3151,48.2044444444444,2.062526863019,48.3128749292087,3.58776437292074
"391",3152,44.1009523809524,1.90952882610381,48.2921046151212,3.58776437292074
"392",3161,51.1995454545455,1.86562574308984,50.8345907260664,3.58776437292074
"393",3162,46.1105555555556,2.062526863019,43.4613810043254,3.58776437292074
"394",3171,49.9223076923077,2.42696878196381,49.8175962816883,3.58776437292074
"395",3172,54.4670833333333,1.78620065936228,52.1359131896703,3.58776437292074
"396",3191,50.07625,3.09379029452849,49.8175962816883,3.58776437292074
"397",3192,49.9870588235294,2.12232263295705,48.2713343010337,3.58776437292074
"398",3201,51.228,2.76717016267792,52.1359131896703,3.58776437292074
"399",3202,51.6485714285714,1.65370047266458,52.1359131896703,3.58776437292074
"400",3211,48.7908333333333,2.5260691975899,51.7664245258631,3.58776437292074
"401",3212,49.2023076923077,2.42696878196381,49.965913934114,3.58776437292074
"402",3221,44.4183333333333,3.57240131872455,52.284230842096,3.58776437292074
"403",3241,48.7841176470588,2.12232263295705,48.5235035238969,3.58776437292074
"404",3242,43.2265217391304,1.82461797183327,48.4819628957219,3.58776437292074
"405",3243,45.672,2.76717016267792,46.1937253958712,3.58776437292074
"406",3251,40.4812903225806,1.5716470412683,49.4615656830958,3.58776437292074
"407",3252,41.8625,1.95668478672664,43.1053504057329,3.58776437292074
"408",3261,46.2452631578947,2.00751623303589,47.8945333883537,3.58776437292074
"409",3262,51.0008333333333,1.78620065936228,50.4370194992988,3.58776437292074
"410",3271,43.2185185185185,1.6840461317266,43.0430394634703,3.58776437292074
"411",3272,46.4277272727273,1.86562574308984,47.8737630742662,3.58776437292074
"412",3281,50.0192857142857,2.33868563654505,45.6270662025905,3.58776437292074
"413",3282,37.9584615384615,2.42696878196381,43.0430394634703,3.58776437292074
"414",3291,49.4772222222222,2.062526863019,50.9981147336674,3.58776437292074
"415",3292,44.8321052631579,2.00751623303589,49.9811202892894,3.58776437292074
"416",3301,53.4284615384615,2.42696878196381,52.4240590817965,3.58776437292074
"417",3302,49.91,2.00751623303589,51.8439418233011,3.58776437292074
"418",3311,52.0363157894737,2.00751623303589,48.5387098790723,3.58776437292074
"419",3312,52.1036666666667,1.5976264383156,52.3825184536215,3.58776437292074
"420",3321,48.9977777777778,2.062526863019,50.0434312315519,3.58776437292074
"421",3322,50.402,1.75011207746418,51.802401195126,3.58776437292074
"422",3331,48.6845833333333,1.78620065936228,51.0188850477549,3.58776437292074
"423",3332,55.295,1.95668478672664,52.361748139534,3.58776437292074
"424",3341,49.53,2.25938497667174,50.0018906033769,3.58776437292074
"425",3342,47.9738095238095,1.90952882610381,51.0188850477549,3.58776437292074
"426",3351,56.3141666666667,1.78620065936228,51.760860566951,3.58776437292074
"427",3352,53.9973333333333,2.25938497667174,52.3202075113589,3.58776437292074
"428",3361,55.7438095238095,1.90952882610381,52.4685251637846,3.58776437292074
"429",3362,41.1575,1.54689514726425,48.7077978455855,3.58776437292074
"430",3371,53.4614285714286,2.33868563654505,50.2332895121526,3.58776437292074
"431",3372,53.2723529411765,2.12232263295705,51.2502839565307,3.58776437292074
"432",3381,53.642962962963,1.6840461317266,48.0884038389471,3.58776437292074
"433",3382,43.0352941176471,2.12232263295705,43.2576802281513,3.58776437292074
"434",3391,47.4747826086957,1.82461797183327,48.0884038389471,3.58776437292074
"435",3392,55.3253846153846,2.42696878196381,50.6308899498923,3.58776437292074
"436",3401,46.0961904761905,1.90952882610381,43.2576802281513,3.58776437292074
"437",3402,41.76,2.42696878196381,45.8001663390964,3.58776437292074
"438",3421,40.8455,1.95668478672664,43.2576802281513,3.58776437292074
"439",3422,44.1868181818182,1.86562574308984,43.3615317985888,3.58776437292074
"440",3431,56.31875,1.54689514726425,48.1507147812096,3.58776437292074
"441",3432,40.408,3.91336957345328,45.820936653184,3.58776437292074
"442",3442,47.1695238095238,1.90952882610381,48.1299444671221,3.58776437292074
"443",3451,42.9954166666667,1.78620065936228,51.9529827275838,3.58776437292074
"444",3461,51.008,1.95668478672664,50.2373016821453,3.58776437292074
"445",3462,56.323125,2.18764009683022,52.017041959807,3.58776437292074
"446",3471,53.1269565217391,1.82461797183327,52.017041959807,3.58776437292074
"447",3472,40.98,2.18764009683022,46.4235725157276,3.58776437292074
"448",3481,53.6538888888889,2.062526863019,52.5556185901274,3.58776437292074
"449",3482,56.9775,2.18764009683022,52.5556185901274,3.58776437292074
"450",3491,49.4894117647059,2.12232263295705,51.9755013316319,3.58776437292074
"451",3492,45.9983333333333,2.062526863019,50.2996126244079,3.58776437292074
"452",3501,51.03125,1.78620065936228,51.2958367546984,3.58776437292074
"453",3502,54.7673684210526,2.00751623303589,52.6179295323899,3.58776437292074
"454",3511,55.3269230769231,2.42696878196381,52.058582587982,3.58776437292074
"455",3512,52.6457894736842,2.00751623303589,51.2958367546984,3.58776437292074
"456",3521,53.284,1.75011207746418,52.0378122738945,3.58776437292074
"457",3522,46.4655,1.95668478672664,50.2580719962329,3.58776437292074
"458",3523,51.7190909090909,1.86562574308984,48.7325803296657,3.58776437292074
"459",3531,55.7038461538462,2.42696878196381,52.7039362425531,3.58776437292074
"460",3532,52.7038461538462,1.71612608345466,48.9224386102665,3.58776437292074
"461",3541,51.6704761904762,1.90952882610381,50.4271599627461,3.58776437292074
"462",3542,55.115,1.86562574308984,52.7454768707281,3.58776437292074
"463",3551,49.7786956521739,1.82461797183327,49.2565010473197,3.58776437292074
"464",3552,49.0904166666667,1.78620065936228,49.2565010473197,3.58776437292074
"465",3561,57.0852941176471,2.12232263295705,49.2357307332322,3.58776437292074
"466",3562,57.9659090909091,1.86562574308984,50.2527251776103,3.58776437292074
"467",3571,51.5252380952381,1.90952882610381,51.0154710108938,3.58776437292074
"468",3572,57.1178260869565,1.82461797183327,51.0777819531564,3.58776437292074
"469",3573,45.5807692307692,2.42696878196381,45.484312509077,3.58776437292074
"470",3581,51.4125,1.78620065936228,48.3336452432962,3.58776437292074
"471",3582,49.4963636363636,1.86562574308984,48.3336452432962,3.58776437292074
"472",3591,53.2838888888889,2.062526863019,51.6388771875249,3.58776437292074
"473",3592,48.139,1.5976264383156,48.3128749292087,3.58776437292074
"474",3593,46.825625,2.18764009683022,48.3336452432962,3.58776437292074
"475",3601,55.2925,2.5260691975899,51.0036786925796,3.58776437292074
"476",3602,49.6439130434783,1.82461797183327,51.8079651540382,3.58776437292074
"477",3611,48.3786206896552,1.62493827036227,50.0282248763765,3.58776437292074
"478",3612,47.1738461538462,1.71612608345466,50.007454562289,3.58776437292074
"479",3621,47.6186956521739,1.82461797183327,50.007454562289,3.58776437292074
"480",3631,56.0696153846154,1.71612608345466,50.2319548635227,3.58776437292074
"481",3632,47.909,1.5976264383156,49.2149604191447,3.58776437292074
"482",3641,47.9565,1.95668478672664,49.2149604191447,3.58776437292074
"483",3642,50.262,1.95668478672664,45.4012312527269,3.58776437292074
"484",3651,40.3207692307692,2.42696878196381,42.9625967122193,3.58776437292074
"485",3652,43.5804166666667,1.78620065936228,45.4635421949895,3.58776437292074
"486",3661,50.7354545454545,1.86562574308984,47.7517796948401,3.58776437292074
"487",3662,51.3136,1.75011207746418,50.2527251776103,3.58776437292074
"488",3671,43.7665217391304,1.82461797183327,51.0570116390688,3.58776437292074
"489",3672,47.11875,3.09379029452849,45.4220015668144,3.58776437292074
"490",3681,46.7928,1.75011207746418,42.8587451417817,3.58776437292074
"491",3682,49.4652380952381,1.90952882610381,45.4220015668144,3.58776437292074
"492",3691,47.0303703703704,1.6840461317266,42.8795154558693,3.58776437292074
"493",3692,48.4709677419355,1.5716470412683,49.2357307332322,3.58776437292074
"494",3701,52.7570833333333,1.78620065936228,49.2149604191447,3.58776437292074
"495",3702,48.2916666666667,1.5976264383156,42.8587451417817,3.58776437292074
"496",3711,46.6468181818182,1.86562574308984,48.3128749292087,3.58776437292074
"497",3712,49.4290909090909,1.86562574308984,48.3128749292087,3.58776437292074
"498",3721,50.2866666666667,1.78620065936228,49.8383665957758,3.58776437292074
"499",3722,47.60625,1.78620065936228,48.2921046151212,3.58776437292074
"500",3731,50.98,1.78620065936228,48.3128749292087,3.58776437292074
"501",3732,50.5851724137931,1.62493827036227,46.0038671152705,3.58776437292074
"502",3742,55.534,2.25938497667174,50.8345907260664,3.58776437292074
"503",3751,53.726,2.25938497667174,52.1359131896703,3.58776437292074
"504",3761,50.9126315789474,2.00751623303589,43.4406106902378,3.58776437292074
"505",3762,49.3169565217391,1.82461797183327,49.9006775380384,3.58776437292074
"506",3772,50.1120833333333,1.78620065936228,48.3544155573837,3.58776437292074
"507",3773,48.6959090909091,1.86562574308984,48.3336452432962,3.58776437292074
"508",3781,46.4547619047619,1.90952882610381,46.2144957099588,3.58776437292074
"509",3782,51.2325,2.18764009683022,51.0452193207546,3.58776437292074
"510",3791,48.5028571428571,1.90952882610381,48.4819628957219,3.58776437292074
"511",3792,51.6492307692308,2.42696878196381,49.9451436200265,3.58776437292074
"512",3801,54.6194117647059,2.12232263295705,50.982908378492,3.58776437292074
"513",3802,54.383125,2.18764009683022,51.0659896348421,3.58776437292074
"514",3811,54.5685,1.95668478672664,51.0659896348421,3.58776437292074
"515",3812,45.8361111111111,2.062526863019,51.0659896348421,3.58776437292074
"516",3813,52.132,2.25938497667174,48.5235035238969,3.58776437292074
"517",3821,57.96,2.062526863019,55.755590353179,3.58776437292074
"518",3822,48.945,2.18764009683022,55.7348200390915,3.58776437292074
"519",3831,54.3263636363636,1.86562574308984,55.755590353179,3.58776437292074
"520",3832,46.607619047619,1.90952882610381,55.7971309813541,3.58776437292074
"521",3841,50.1118181818182,1.86562574308984,55.7971309813541,3.58776437292074
"522",3842,61.1364705882353,2.12232263295705,54.4542678895751,3.58776437292074
"523",3851,60.647,1.5976264383156,55.755590353179,3.58776437292074
"524",3852,57.6136842105263,2.00751623303589,55.755590353179,3.58776437292074
"525",3861,54.8715789473684,2.00751623303589,55.755590353179,3.58776437292074
"526",3862,56.5368181818182,1.86562574308984,53.437273445197,3.58776437292074
"527",3871,41.1236,1.75011207746418,55.7763606672666,3.58776437292074
"528",3872,51.53,1.95668478672664,55.755590353179,3.58776437292074
"529",3881,57.385,2.18764009683022,56.3582262157227,3.58776437292074
"530",3891,62.566,2.76717016267792,56.5273141822359,3.58776437292074
"531",3892,57.1931578947368,2.00751623303589,56.3582262157227,3.58776437292074
"532",3901,57.0265217391304,1.82461797183327,56.3789965298102,3.58776437292074
"533",3902,58.6647368421053,2.00751623303589,56.3582262157227,3.58776437292074
"534",3911,57.4059090909091,1.86562574308984,56.3374559016351,3.58776437292074
"535",3912,51.5013636363636,1.86562574308984,55.0153631239436,3.58776437292074
"536",3921,54.59,2.18764009683022,56.3166855875476,3.58776437292074
"537",3922,56.0621739130435,1.82461797183327,56.3789965298102,3.58776437292074
"538",3923,61.9108333333333,1.78620065936228,56.3789965298102,3.58776437292074
"539",3931,59.7127777777778,2.062526863019,55.5617199025856,3.58776437292074
"540",3932,61.3422222222222,2.062526863019,55.5201792744106,3.58776437292074
"541",3941,64.8329411764706,2.12232263295705,55.5201792744106,3.58776437292074
"542",3942,55.7410714285714,1.65370047266458,55.5824902166731,3.58776437292074
"543",3951,58.359,1.5976264383156,55.5617199025856,3.58776437292074
"544",3952,53.1122222222222,2.062526863019,55.5617199025856,3.58776437292074
"545",3961,55.8912,1.75011207746418,55.5409495884981,3.58776437292074
"546",3962,54.5125,1.78620065936228,55.5617199025856,3.58776437292074
"547",3971,57.539,1.95668478672664,55.5617199025856,3.58776437292074
"548",3972,59.233,1.95668478672664,55.5409495884981,3.58776437292074
"549",3981,56.77625,2.18764009683022,55.5617199025856,3.58776437292074
"550",3982,55.30625,2.18764009683022,55.5824902166731,3.58776437292074
"551",3991,62.9328571428571,2.33868563654505,55.0231432722652,3.58776437292074
"552",3992,47.4788235294118,2.12232263295705,49.4089035140983,3.58776437292074
"553",4001,52.7947058823529,2.12232263295705,55.5617199025856,3.58776437292074
"554",4002,53.041,2.76717016267792,55.5824902166731,3.58776437292074
"555",4011,53.0612,1.75011207746418,56.1643557651292,3.58776437292074
"556",4012,58.5996551724138,1.62493827036227,56.1435854510417,3.58776437292074
"557",4021,60.8052631578947,2.00751623303589,56.1228151369542,3.58776437292074
"558",4022,54.0778125,1.54689514726425,56.1228151369542,3.58776437292074
"559",4031,50.9808333333333,2.5260691975899,53.8252685430597,3.58776437292074
"560",4032,52.3692307692308,1.71612608345466,56.1435854510417,3.58776437292074
"561",4041,51.0644444444444,2.062526863019,54.8214926733502,3.58776437292074
"562",4042,59.3314285714286,2.33868563654505,56.1228151369542,3.58776437292074
"563",4051,58.4646666666667,2.25938497667174,54.7799520451752,3.58776437292074
"564",4052,51.8269230769231,2.42696878196381,55.5842385066338,3.58776437292074
"565",4061,57.7344444444444,2.062526863019,56.1228151369542,3.58776437292074
"566",4062,55.8591304347826,1.82461797183327,56.1643557651292,3.58776437292074
"567",4071,60.3876923076923,2.42696878196381,56.1435854510417,3.58776437292074
"568",4072,57.9044444444444,2.062526863019,56.1435854510417,3.58776437292074
"569",4081,58.0966666666667,1.90952882610381,55.3566552668095,3.58776437292074
"570",4082,58.7084615384615,1.71612608345466,55.3566552668095,3.58776437292074
"571",4091,37.1076923076923,2.42696878196381,46.702893395552,3.58776437292074
"572",4092,57.5894444444444,2.062526863019,55.3981958949845,3.58776437292074
"573",4101,55.3194117647059,1.50070872562962,55.377425580897,3.58776437292074
"574",4102,46.6015,1.95668478672664,55.3981958949845,3.58776437292074
"575",4111,48.7864285714286,1.65370047266458,55.377425580897,3.58776437292074
"576",4112,52.99,1.65370047266458,55.3981958949845,3.58776437292074
"577",4121,58.1025,1.78620065936228,55.3981958949845,3.58776437292074
"578",4122,56.0188235294118,2.12232263295705,55.377425580897,3.58776437292074
"579",4131,54.908,2.25938497667174,55.9177505011781,3.58776437292074
"580",4141,60.8891666666667,2.5260691975899,55.9385208152656,3.58776437292074
"581",4142,48.5185714285714,1.65370047266458,55.3999441849452,3.58776437292074
"582",4151,58.3316,1.75011207746418,55.3999441849452,3.58776437292074
"583",4152,54.86,2.33868563654505,55.9592911293531,3.58776437292074
"584",4161,57.41625,2.18764009683022,55.0224300958727,3.58776437292074
"585",4162,54.113125,2.18764009683022,55.0224300958727,3.58776437292074
"586",4171,52.7572,1.75011207746418,55.0016597817852,3.58776437292074
"587",4172,60.0015789473684,2.00751623303589,55.0016597817852,3.58776437292074
"588",4181,50.6035294117647,2.12232263295705,55.0224300958727,3.58776437292074
"589",4182,61.2372727272727,1.86562574308984,54.9808894676977,3.58776437292074
"590",4183,58.568947368421,2.00751623303589,53.6587966900062,3.58776437292074
"591",4191,52.8038095238095,1.90952882610381,55.5835253302413,3.58776437292074
"592",4192,54.04,1.86562574308984,55.5835253302413,3.58776437292074
"593",4201,58.805,2.33868563654505,55.5835253302413,3.58776437292074
"594",4202,56.2288235294118,2.12232263295705,55.6250659584164,3.58776437292074
"595",4211,53.8538095238095,1.90952882610381,49.4514792558415,3.58776437292074
"596",4212,57.261875,2.18764009683022,55.6250659584164,3.58776437292074
"597",4221,55.1151724137931,1.62493827036227,55.335884952722,3.58776437292074
"598",4222,53.0562068965517,1.62493827036227,55.335884952722,3.58776437292074
"599",4231,57.0507692307692,2.42696878196381,55.377425580897,3.58776437292074
"600",4232,55.468125,2.18764009683022,55.3566552668095,3.58776437292074
"601",4241,50.9674074074074,1.6840461317266,55.5617199025856,3.58776437292074
"602",4242,50.9591666666667,1.78620065936228,54.2188568108066,3.58776437292074
"603",4243,56.5492307692308,1.71612608345466,55.5201792744106,3.58776437292074
"604",4251,51.8763636363636,1.86562574308984,56.3582262157227,3.58776437292074
"605",4252,56.7967857142857,1.65370047266458,56.3166855875476,3.58776437292074
"606",4253,54.1821052631579,2.00751623303589,56.3789965298102,3.58776437292074
"607",4261,60.5965384615385,1.71612608345466,55.3566552668095,3.58776437292074
"608",4262,55.005,2.5260691975899,55.3981958949845,3.58776437292074
"609",4263,52.2245161290323,1.5716470412683,55.377425580897,3.58776437292074
"610",4271,50.8634693877551,1.25008005533156,54.6578216299387,3.58776437292074
"611",4272,48.815,4.37528019366045,54.6578216299387,3.58776437292074
"612",4281,59.356875,2.18764009683022,54.6578216299387,3.58776437292074
"613",4282,61.0994117647059,2.12232263295705,54.6578216299387,3.58776437292074
"614",4283,51.8606666666667,2.25938497667174,54.6578216299387,3.58776437292074
"615",4291,41.8952777777778,1.45842673122015,55.2396871783948,3.58776437292074
"616",4292,60.7678571428571,2.33868563654505,55.2396871783948,3.58776437292074
"617",4301,53.21,5.05213839517979,55.2396871783948,3.58776437292074
"618",4302,65.1416666666667,3.57240131872455,55.2396871783948,3.58776437292074
"619",4311,54.74375,3.09379029452849,55.2396871783948,3.58776437292074
"620",4312,55.135,2.76717016267792,55.3880048308204,3.58776437292074
"621",4321,60.0239130434783,1.82461797183327,54.4431808652577,3.58776437292074
"622",4322,39.3383333333333,2.062526863019,45.7478783658252,3.58776437292074
"623",4331,45.8207142857143,2.33868563654505,54.4431808652577,3.58776437292074
"624",4332,53.3432,1.75011207746418,50.5786019766211,3.58776437292074
"625",4341,54.5218,1.2375161178114,54.4431808652577,3.58776437292074
"626",4342,54.4510714285714,1.65370047266458,54.4016402370827,3.58776437292074
"627",4343,36.7528571428571,3.30740094532916,54.4431808652577,3.58776437292074
"628",4351,52.6611111111111,2.9168534624403,55.0250464137138,3.58776437292074
"629",4352,55.5009090909091,2.63839322819004,55.0250464137138,3.58776437292074
"630",4361,61.876,2.76717016267792,55.0250464137138,3.58776437292074
"631",4362,53.8217857142857,1.65370047266458,55.0250464137138,3.58776437292074
"632",4363,53.4029166666667,1.78620065936228,55.0250464137138,3.58776437292074
"633",4371,59.3065,1.95668478672664,54.6140171217316,3.58776437292074
"634",4381,52.609,2.76717016267792,54.2588865435691,3.58776437292074
"635",4382,59.0665,1.95668478672664,54.2588865435691,3.58776437292074
"636",4391,59.0625,1.65370047266458,54.2381162294816,3.58776437292074
"637",4392,61.4722727272727,1.86562574308984,54.2588865435691,3.58776437292074
"638",4401,61.4968,1.2375161178114,54.2588865435691,3.58776437292074
"639",4402,63.4961538461538,1.71612608345466,54.2588865435691,3.58776437292074
"640",4411,58.1620689655172,1.62493827036227,54.2381162294816,3.58776437292074
"641",4412,48.9105555555556,2.062526863019,54.2588865435691,3.58776437292074
"642",4413,42.03625,3.09379029452849,54.2588865435691,3.58776437292074
"643",4421,44.81,6.18758058905698,54.8407520920252,3.58776437292074
"644",4422,48.6288888888889,2.062526863019,54.8407520920252,3.58776437292074
"645",4431,45.153,2.76717016267792,54.8407520920252,3.58776437292074
"646",4432,52.248125,2.18764009683022,54.8407520920252,3.58776437292074
"647",4441,51.7439130434783,1.82461797183327,54.8407520920252,3.58776437292074
"648",4442,52.4941666666667,1.78620065936228,54.8407520920252,3.58776437292074
"649",4451,54.4428571428571,1.65370047266458,54.8407520920252,3.58776437292074
"650",4452,54.0504166666667,1.78620065936228,54.8407520920252,3.58776437292074
"651",4461,62.3157142857143,1.90952882610381,54.8407520920252,3.58776437292074
"652",4462,40.7725,4.37528019366045,54.8407520920252,3.58776437292074
"653",4471,53.0252173913043,1.82461797183327,54.8407520920252,3.58776437292074
"654",4472,56.676875,2.18764009683022,54.2814051476173,3.58776437292074
"655",4473,51.8727272727273,2.63839322819004,54.9890697444509,3.58776437292074
"656",4481,55.03,2.062526863019,53.8831207444573,3.58776437292074
"657",4482,54.1012,1.75011207746418,52.5402576526783,3.58776437292074
"658",4491,59.8941666666667,1.78620065936228,53.9038910585448,3.58776437292074
"659",4492,56.9207142857143,2.33868563654505,53.9038910585448,3.58776437292074
"660",4501,45.3705882352941,2.12232263295705,53.9038910585448,3.58776437292074
"661",4502,57.105,1.65370047266458,53.9038910585448,3.58776437292074
"662",4511,58.5927272727273,2.63839322819004,53.9038910585448,3.58776437292074
"663",4512,37.23,5.05213839517979,45.2085885591123,3.58776437292074
"664",4513,51.2105,1.95668478672664,53.9038910585448,3.58776437292074
"665",4521,56.602,2.25938497667174,54.4857566070009,3.58776437292074
"666",4522,55.9615,1.38358508133896,54.4857566070009,3.58776437292074
"667",4531,44.1733333333333,5.05213839517979,54.4857566070009,3.58776437292074
"668",4532,54.4355172413793,1.62493827036227,54.4857566070009,3.58776437292074
"669",4541,53.60375,2.18764009683022,54.6340742594266,3.58776437292074
"670",4542,59.984,1.95668478672664,54.6340742594266,3.58776437292074
"671",4551,54.2644,1.75011207746418,54.7784411497627,3.58776437292074
"672",4552,56.2353846153846,2.42696878196381,54.8407520920252,3.58776437292074
"673",4553,57.0642857142857,1.65370047266458,54.8407520920252,3.58776437292074
"674",4561,58.33,2.42696878196381,55.0042760996263,3.58776437292074
"675",4562,53.004,3.91336957345328,51.1604675250772,3.58776437292074
"676",4571,47.0752631578947,2.00751623303589,46.3297439142813,3.58776437292074
"677",4572,51.57125,2.18764009683022,55.0042760996263,3.58776437292074
"678",4582,60.4012,1.75011207746418,54.8286578864125,3.58776437292074
"679",4591,60.7454545454545,2.63839322819004,54.2588865435691,3.58776437292074
"680",4592,62.9013636363636,1.86562574308984,54.2381162294816,3.58776437292074
"681",4601,37.5166666666667,3.57240131872455,54.9890697444509,3.58776437292074
"682",4602,54.44,2.25938497667174,54.9890697444509,3.58776437292074
"683",4611,57.45,2.42696878196381,54.2588865435691,3.58776437292074
"684",4612,42.1984210526316,2.00751623303589,45.5635840441366,3.58776437292074
